topicId,rank,docId,filename
1,1,357,null-source
1,2,180,null-source
1,3,114,null-source
1,4,123,null-source
1,5,286,null-source
1,6,155,null-source
1,7,134,null-source
1,8,146,null-source
1,9,300,null-source
1,10,157,null-source
1,11,254,null-source
1,12,205,null-source
1,13,132,null-source
1,14,207,null-source
1,15,321,null-source
1,16,177,null-source
1,17,250,null-source
1,18,174,null-source
1,19,115,null-source
1,20,333,null-source
1,21,170,null-source
1,22,127,null-source
1,23,110,null-source
1,24,220,null-source
1,25,150,null-source
1,26,85,null-source
1,27,341,null-source
1,28,19,null-source
1,29,225,null-source
1,30,189,null-source
1,31,337,null-source
1,32,135,null-source
1,33,317,null-source
1,34,264,null-source
1,35,301,null-source
1,36,176,null-source
1,37,126,null-source
1,38,227,null-source
1,39,235,null-source
1,40,154,null-source
1,41,153,null-source
1,42,109,null-source
1,43,168,null-source
1,44,59,null-source
1,45,6,null-source
1,46,118,null-source
1,47,179,null-source
1,48,41,null-source
1,49,358,null-source
1,50,139,null-source
1,51,209,null-source
1,52,40,null-source
1,53,325,null-source
1,54,165,null-source
1,55,185,null-source
1,56,178,null-source
1,57,32,null-source
1,58,80,null-source
1,59,315,null-source
1,60,133,null-source
1,61,116,null-source
1,62,68,null-source
1,63,320,null-source
1,64,105,null-source
1,65,67,null-source
1,66,307,null-source
1,67,236,null-source
1,68,128,null-source
1,69,158,null-source
1,70,143,null-source
1,71,62,null-source
1,72,53,null-source
1,73,338,null-source
1,74,163,null-source
1,75,309,null-source
1,76,148,null-source
1,77,345,null-source
1,78,304,null-source
1,79,279,null-source
1,80,253,null-source
1,81,212,null-source
1,82,195,null-source
1,83,156,null-source
1,84,201,null-source
1,85,125,null-source
1,86,332,null-source
1,87,152,null-source
1,88,292,null-source
1,89,175,null-source
1,90,149,null-source
1,91,98,null-source
1,92,25,null-source
1,93,14,null-source
1,94,10,null-source
1,95,329,null-source
1,96,208,null-source
1,97,194,null-source
1,98,121,null-source
1,99,101,null-source
1,100,96,null-source
1,101,78,null-source
1,102,45,null-source
1,103,2,null-source
1,104,336,null-source
1,105,169,null-source
1,106,166,null-source
1,107,151,null-source
1,108,124,null-source
1,109,120,null-source
1,110,77,null-source
1,111,66,null-source
1,112,308,null-source
1,113,206,null-source
1,114,246,null-source
1,115,219,null-source
1,116,145,null-source
1,117,95,null-source
1,118,8,null-source
1,119,258,null-source
1,120,252,null-source
1,121,183,null-source
1,122,162,null-source
1,123,108,null-source
1,124,102,null-source
1,125,49,null-source
1,126,44,null-source
1,127,26,null-source
1,128,214,null-source
1,129,100,null-source
1,130,39,null-source
1,131,302,null-source
1,132,263,null-source
1,133,136,null-source
1,134,104,null-source
1,135,73,null-source
1,136,56,null-source
1,137,16,null-source
1,138,306,null-source
1,139,171,null-source
1,140,340,null-source
1,141,305,null-source
1,142,249,null-source
1,143,245,null-source
1,144,164,null-source
1,145,107,null-source
1,146,65,null-source
1,147,21,null-source
1,148,9,null-source
1,149,326,null-source
1,150,316,null-source
1,151,294,null-source
1,152,200,null-source
1,153,188,null-source
1,154,142,null-source
1,155,106,null-source
1,156,75,null-source
1,157,70,null-source
1,158,29,null-source
1,159,23,null-source
1,160,131,null-source
1,161,119,null-source
1,162,113,null-source
1,163,111,null-source
1,164,79,null-source
1,165,72,null-source
1,166,47,null-source
1,167,33,null-source
1,168,334,null-source
1,169,331,null-source
1,170,271,null-source
1,171,230,null-source
1,172,228,null-source
1,173,210,null-source
1,174,161,null-source
1,175,34,null-source
1,176,31,null-source
1,177,13,null-source
1,178,335,null-source
1,179,313,null-source
1,180,310,null-source
1,181,289,null-source
1,182,138,null-source
1,183,137,null-source
1,184,130,null-source
1,185,64,null-source
1,186,28,null-source
1,187,27,null-source
1,188,5,null-source
1,189,314,null-source
1,190,311,null-source
1,191,291,null-source
1,192,280,null-source
1,193,273,null-source
1,194,267,null-source
1,195,182,null-source
1,196,76,null-source
1,197,36,null-source
1,198,12,null-source
1,199,11,null-source
1,200,4,null-source
1,201,3,null-source
1,202,339,null-source
1,203,299,null-source
1,204,293,null-source
1,205,282,null-source
1,206,265,null-source
1,207,257,null-source
1,208,256,null-source
1,209,224,null-source
1,210,216,null-source
1,211,198,null-source
1,212,181,null-source
1,213,159,null-source
1,214,112,null-source
1,215,48,null-source
1,216,43,null-source
1,217,1,null-source
1,218,318,null-source
1,219,312,null-source
1,220,266,null-source
1,221,255,null-source
1,222,247,null-source
1,223,243,null-source
1,224,242,null-source
1,225,232,null-source
1,226,213,null-source
1,227,191,null-source
1,228,187,null-source
1,229,184,null-source
1,230,173,null-source
1,231,147,null-source
1,232,140,null-source
1,233,129,null-source
1,234,122,null-source
1,235,117,null-source
1,236,97,null-source
1,237,87,null-source
1,238,46,null-source
1,239,343,null-source
1,240,324,null-source
1,241,297,null-source
1,242,290,null-source
1,243,277,null-source
1,244,276,null-source
1,245,251,null-source
1,246,231,null-source
1,247,222,null-source
1,248,215,null-source
1,249,160,null-source
1,250,144,null-source
1,251,74,null-source
1,252,61,null-source
1,253,52,null-source
1,254,50,null-source
1,255,18,null-source
1,256,287,null-source
1,257,272,null-source
1,258,268,null-source
1,259,237,null-source
1,260,226,null-source
1,261,217,null-source
1,262,202,null-source
1,263,199,null-source
1,264,193,null-source
1,265,190,null-source
1,266,167,null-source
1,267,141,null-source
1,268,99,null-source
1,269,94,null-source
1,270,90,null-source
1,271,84,null-source
1,272,82,null-source
1,273,63,null-source
1,274,58,null-source
1,275,51,null-source
1,276,30,null-source
1,277,17,null-source
1,278,356,null-source
1,279,355,null-source
1,280,351,null-source
1,281,296,null-source
1,282,283,null-source
1,283,278,null-source
1,284,270,null-source
1,285,269,null-source
1,286,248,null-source
1,287,241,null-source
1,288,240,null-source
1,289,239,null-source
1,290,238,null-source
1,291,229,null-source
1,292,221,null-source
1,293,197,null-source
1,294,172,null-source
1,295,81,null-source
1,296,71,null-source
1,297,57,null-source
1,298,54,null-source
1,299,24,null-source
1,300,22,null-source
1,301,15,null-source
1,302,359,null-source
1,303,354,null-source
1,304,353,null-source
1,305,349,null-source
1,306,347,null-source
1,307,346,null-source
1,308,344,null-source
1,309,327,null-source
1,310,323,null-source
1,311,322,null-source
1,312,319,null-source
1,313,298,null-source
1,314,295,null-source
1,315,288,null-source
1,316,281,null-source
1,317,275,null-source
1,318,274,null-source
1,319,262,null-source
1,320,261,null-source
1,321,244,null-source
1,322,218,null-source
1,323,196,null-source
1,324,186,null-source
1,325,93,null-source
1,326,91,null-source
1,327,83,null-source
1,328,60,null-source
1,329,55,null-source
1,330,38,null-source
1,331,37,null-source
1,332,35,null-source
1,333,20,null-source
1,334,7,null-source
1,335,352,null-source
1,336,350,null-source
1,337,348,null-source
1,338,342,null-source
1,339,330,null-source
1,340,328,null-source
1,341,303,null-source
1,342,285,null-source
1,343,284,null-source
1,344,260,null-source
1,345,259,null-source
1,346,234,null-source
1,347,233,null-source
1,348,223,null-source
1,349,211,null-source
1,350,204,null-source
1,351,203,null-source
1,352,192,null-source
1,353,103,null-source
1,354,92,null-source
1,355,89,null-source
1,356,88,null-source
1,357,86,null-source
1,358,69,null-source
1,359,42,null-source
2,1,102,null-source
2,2,109,null-source
2,3,315,null-source
2,4,341,null-source
2,5,309,null-source
2,6,107,null-source
2,7,108,null-source
2,8,168,null-source
2,9,336,null-source
2,10,100,null-source
2,11,176,null-source
2,12,300,null-source
2,13,339,null-source
2,14,126,null-source
2,15,145,null-source
2,16,345,null-source
2,17,101,null-source
2,18,317,null-source
2,19,128,null-source
2,20,105,null-source
2,21,308,null-source
2,22,125,null-source
2,23,116,null-source
2,24,148,null-source
2,25,141,null-source
2,26,121,null-source
2,27,349,null-source
2,28,97,null-source
2,29,354,null-source
2,30,353,null-source
2,31,352,null-source
2,32,350,null-source
2,33,91,null-source
2,34,347,null-source
2,35,131,null-source
2,36,177,null-source
2,37,351,null-source
2,38,325,null-source
2,39,286,null-source
2,40,103,null-source
2,41,185,null-source
2,42,149,null-source
2,43,106,null-source
2,44,59,null-source
2,45,132,null-source
2,46,77,null-source
2,47,21,null-source
2,48,321,null-source
2,49,250,null-source
2,50,113,null-source
2,51,348,null-source
2,52,207,null-source
2,53,96,null-source
2,54,82,null-source
2,55,162,null-source
2,56,104,null-source
2,57,306,null-source
2,58,209,null-source
2,59,112,null-source
2,60,152,null-source
2,61,29,null-source
2,62,136,null-source
2,63,53,null-source
2,64,326,null-source
2,65,98,null-source
2,66,332,null-source
2,67,319,null-source
2,68,318,null-source
2,69,158,null-source
2,70,208,null-source
2,71,133,null-source
2,72,118,null-source
2,73,115,null-source
2,74,110,null-source
2,75,78,null-source
2,76,120,null-source
2,77,11,null-source
2,78,205,null-source
2,79,137,null-source
2,80,114,null-source
2,81,166,null-source
2,82,81,null-source
2,83,174,null-source
2,84,8,null-source
2,85,328,null-source
2,86,320,null-source
2,87,279,null-source
2,88,165,null-source
2,89,154,null-source
2,90,44,null-source
2,91,334,null-source
2,92,227,null-source
2,93,173,null-source
2,94,127,null-source
2,95,95,null-source
2,96,89,null-source
2,97,356,null-source
2,98,337,null-source
2,99,333,null-source
2,100,301,null-source
2,101,191,null-source
2,102,93,null-source
2,103,201,null-source
2,104,123,null-source
2,105,236,null-source
2,106,189,null-source
2,107,157,null-source
2,108,146,null-source
2,109,66,null-source
2,110,159,null-source
2,111,134,null-source
2,112,343,null-source
2,113,175,null-source
2,114,163,null-source
2,115,62,null-source
2,116,39,null-source
2,117,358,null-source
2,118,342,null-source
2,119,307,null-source
2,120,289,null-source
2,121,258,null-source
2,122,180,null-source
2,123,24,null-source
2,124,357,null-source
2,125,245,null-source
2,126,178,null-source
2,127,344,null-source
2,128,316,null-source
2,129,313,null-source
2,130,264,null-source
2,131,198,null-source
2,132,143,null-source
2,133,80,null-source
2,134,6,null-source
2,135,340,null-source
2,136,324,null-source
2,137,235,null-source
2,138,230,null-source
2,139,117,null-source
2,140,88,null-source
2,141,74,null-source
2,142,359,null-source
2,143,335,null-source
2,144,267,null-source
2,145,169,null-source
2,146,135,null-source
2,147,87,null-source
2,148,76,null-source
2,149,48,null-source
2,150,18,null-source
2,151,292,null-source
2,152,265,null-source
2,153,187,null-source
2,154,147,null-source
2,155,45,null-source
2,156,25,null-source
2,157,331,null-source
2,158,305,null-source
2,159,294,null-source
2,160,277,null-source
2,161,271,null-source
2,162,188,null-source
2,163,161,null-source
2,164,156,null-source
2,165,150,null-source
2,166,50,null-source
2,167,41,null-source
2,168,38,null-source
2,169,322,null-source
2,170,312,null-source
2,171,257,null-source
2,172,251,null-source
2,173,243,null-source
2,174,200,null-source
2,175,194,null-source
2,176,179,null-source
2,177,99,null-source
2,178,42,null-source
2,179,32,null-source
2,180,19,null-source
2,181,9,null-source
2,182,330,null-source
2,183,311,null-source
2,184,310,null-source
2,185,302,null-source
2,186,270,null-source
2,187,237,null-source
2,188,219,null-source
2,189,216,null-source
2,190,206,null-source
2,191,171,null-source
2,192,124,null-source
2,193,85,null-source
2,194,79,null-source
2,195,70,null-source
2,196,52,null-source
2,197,31,null-source
2,198,30,null-source
2,199,2,null-source
2,200,327,null-source
2,201,314,null-source
2,202,291,null-source
2,203,280,null-source
2,204,278,null-source
2,205,274,null-source
2,206,273,null-source
2,207,263,null-source
2,208,249,null-source
2,209,239,null-source
2,210,228,null-source
2,211,210,null-source
2,212,183,null-source
2,213,170,null-source
2,214,164,null-source
2,215,155,null-source
2,216,151,null-source
2,217,144,null-source
2,218,140,null-source
2,219,94,null-source
2,220,90,null-source
2,221,71,null-source
2,222,65,null-source
2,223,56,null-source
2,224,55,null-source
2,225,49,null-source
2,226,46,null-source
2,227,40,null-source
2,228,355,null-source
2,229,338,null-source
2,230,296,null-source
2,231,293,null-source
2,232,282,null-source
2,233,272,null-source
2,234,266,null-source
2,235,262,null-source
2,236,238,null-source
2,237,226,null-source
2,238,220,null-source
2,239,213,null-source
2,240,202,null-source
2,241,199,null-source
2,242,196,null-source
2,243,195,null-source
2,244,190,null-source
2,245,160,null-source
2,246,139,null-source
2,247,111,null-source
2,248,83,null-source
2,249,68,null-source
2,250,58,null-source
2,251,36,null-source
2,252,26,null-source
2,253,13,null-source
2,254,12,null-source
2,255,295,null-source
2,256,283,null-source
2,257,276,null-source
2,258,275,null-source
2,259,254,null-source
2,260,252,null-source
2,261,244,null-source
2,262,240,null-source
2,263,231,null-source
2,264,221,null-source
2,265,215,null-source
2,266,214,null-source
2,267,211,null-source
2,268,186,null-source
2,269,182,null-source
2,270,181,null-source
2,271,172,null-source
2,272,142,null-source
2,273,129,null-source
2,274,119,null-source
2,275,84,null-source
2,276,67,null-source
2,277,57,null-source
2,278,54,null-source
2,279,23,null-source
2,280,16,null-source
2,281,5,null-source
2,282,4,null-source
2,283,3,null-source
2,284,346,null-source
2,285,329,null-source
2,286,323,null-source
2,287,304,null-source
2,288,298,null-source
2,289,297,null-source
2,290,287,null-source
2,291,284,null-source
2,292,268,null-source
2,293,260,null-source
2,294,259,null-source
2,295,253,null-source
2,296,247,null-source
2,297,224,null-source
2,298,223,null-source
2,299,222,null-source
2,300,217,null-source
2,301,204,null-source
2,302,203,null-source
2,303,193,null-source
2,304,153,null-source
2,305,138,null-source
2,306,130,null-source
2,307,73,null-source
2,308,60,null-source
2,309,47,null-source
2,310,33,null-source
2,311,14,null-source
2,312,10,null-source
2,313,303,null-source
2,314,299,null-source
2,315,269,null-source
2,316,256,null-source
2,317,248,null-source
2,318,242,null-source
2,319,225,null-source
2,320,212,null-source
2,321,184,null-source
2,322,122,null-source
2,323,86,null-source
2,324,75,null-source
2,325,72,null-source
2,326,63,null-source
2,327,51,null-source
2,328,43,null-source
2,329,37,null-source
2,330,34,null-source
2,331,27,null-source
2,332,22,null-source
2,333,20,null-source
2,334,15,null-source
2,335,7,null-source
2,336,290,null-source
2,337,288,null-source
2,338,285,null-source
2,339,281,null-source
2,340,261,null-source
2,341,255,null-source
2,342,246,null-source
2,343,241,null-source
2,344,234,null-source
2,345,233,null-source
2,346,232,null-source
2,347,229,null-source
2,348,218,null-source
2,349,197,null-source
2,350,192,null-source
2,351,167,null-source
2,352,92,null-source
2,353,69,null-source
2,354,64,null-source
2,355,61,null-source
2,356,35,null-source
2,357,28,null-source
2,358,17,null-source
2,359,1,null-source
3,1,205,null-source
3,2,201,null-source
3,3,154,null-source
3,4,236,null-source
3,5,87,null-source
3,6,235,null-source
3,7,300,null-source
3,8,157,null-source
3,9,118,null-source
3,10,132,null-source
3,11,250,null-source
3,12,123,null-source
3,13,189,null-source
3,14,318,null-source
3,15,359,null-source
3,16,120,null-source
3,17,209,null-source
3,18,146,null-source
3,19,98,null-source
3,20,127,null-source
3,21,155,null-source
3,22,109,null-source
3,23,289,null-source
3,24,207,null-source
3,25,267,null-source
3,26,131,null-source
3,27,305,null-source
3,28,110,null-source
3,29,194,null-source
3,30,264,null-source
3,31,253,null-source
3,32,161,null-source
3,33,85,null-source
3,34,68,null-source
3,35,333,null-source
3,36,153,null-source
3,37,122,null-source
3,38,292,null-source
3,39,252,null-source
3,40,321,null-source
3,41,115,null-source
3,42,286,null-source
3,43,126,null-source
3,44,9,null-source
3,45,302,null-source
3,46,291,null-source
3,47,150,null-source
3,48,128,null-source
3,49,159,null-source
3,50,99,null-source
3,51,80,null-source
3,52,290,null-source
3,53,119,null-source
3,54,121,null-source
3,55,45,null-source
3,56,325,null-source
3,57,171,null-source
3,58,227,null-source
3,59,219,null-source
3,60,129,null-source
3,61,163,null-source
3,62,151,null-source
3,63,139,null-source
3,64,173,null-source
3,65,198,null-source
3,66,191,null-source
3,67,177,null-source
3,68,283,null-source
3,69,41,null-source
3,70,148,null-source
3,71,230,null-source
3,72,178,null-source
3,73,96,null-source
3,74,346,null-source
3,75,341,null-source
3,76,301,null-source
3,77,141,null-source
3,78,130,null-source
3,79,21,null-source
3,80,166,null-source
3,81,140,null-source
3,82,138,null-source
3,83,97,null-source
3,84,47,null-source
3,85,190,null-source
3,86,168,null-source
3,87,59,null-source
3,88,355,null-source
3,89,200,null-source
3,90,193,null-source
3,91,170,null-source
3,92,284,null-source
3,93,281,null-source
3,94,197,null-source
3,95,117,null-source
3,96,44,null-source
3,97,214,null-source
3,98,142,null-source
3,99,125,null-source
3,100,71,null-source
3,101,329,null-source
3,102,158,null-source
3,103,105,null-source
3,104,40,null-source
3,105,19,null-source
3,106,309,null-source
3,107,164,null-source
3,108,133,null-source
3,109,113,null-source
3,110,337,null-source
3,111,326,null-source
3,112,304,null-source
3,113,282,null-source
3,114,262,null-source
3,115,258,null-source
3,116,246,null-source
3,117,179,null-source
3,118,176,null-source
3,119,149,null-source
3,120,145,null-source
3,121,144,null-source
3,122,134,null-source
3,123,107,null-source
3,124,70,null-source
3,125,332,null-source
3,126,242,null-source
3,127,225,null-source
3,128,180,null-source
3,129,165,null-source
3,130,116,null-source
3,131,102,null-source
3,132,100,null-source
3,133,76,null-source
3,134,74,null-source
3,135,357,null-source
3,136,336,null-source
3,137,294,null-source
3,138,245,null-source
3,139,234,null-source
3,140,137,null-source
3,141,124,null-source
3,142,106,null-source
3,143,104,null-source
3,144,48,null-source
3,145,10,null-source
3,146,2,null-source
3,147,316,null-source
3,148,285,null-source
3,149,275,null-source
3,150,218,null-source
3,151,152,null-source
3,152,147,null-source
3,153,143,null-source
3,154,136,null-source
3,155,88,null-source
3,156,82,null-source
3,157,53,null-source
3,158,279,null-source
3,159,271,null-source
3,160,226,null-source
3,161,156,null-source
3,162,67,null-source
3,163,39,null-source
3,164,314,null-source
3,165,308,null-source
3,166,295,null-source
3,167,256,null-source
3,168,254,null-source
3,169,192,null-source
3,170,188,null-source
3,171,108,null-source
3,172,89,null-source
3,173,33,null-source
3,174,31,null-source
3,175,29,null-source
3,176,6,null-source
3,177,338,null-source
3,178,320,null-source
3,179,278,null-source
3,180,259,null-source
3,181,255,null-source
3,182,249,null-source
3,183,247,null-source
3,184,167,null-source
3,185,103,null-source
3,186,93,null-source
3,187,62,null-source
3,188,49,null-source
3,189,5,null-source
3,190,342,null-source
3,191,339,null-source
3,192,315,null-source
3,193,307,null-source
3,194,266,null-source
3,195,243,null-source
3,196,222,null-source
3,197,216,null-source
3,198,195,null-source
3,199,175,null-source
3,200,135,null-source
3,201,114,null-source
3,202,95,null-source
3,203,34,null-source
3,204,8,null-source
3,205,358,null-source
3,206,317,null-source
3,207,311,null-source
3,208,298,null-source
3,209,293,null-source
3,210,268,null-source
3,211,263,null-source
3,212,240,null-source
3,213,238,null-source
3,214,233,null-source
3,215,212,null-source
3,216,202,null-source
3,217,169,null-source
3,218,160,null-source
3,219,112,null-source
3,220,94,null-source
3,221,65,null-source
3,222,64,null-source
3,223,58,null-source
3,224,57,null-source
3,225,26,null-source
3,226,12,null-source
3,227,345,null-source
3,228,343,null-source
3,229,340,null-source
3,230,335,null-source
3,231,324,null-source
3,232,313,null-source
3,233,299,null-source
3,234,280,null-source
3,235,277,null-source
3,236,261,null-source
3,237,248,null-source
3,238,213,null-source
3,239,208,null-source
3,240,183,null-source
3,241,111,null-source
3,242,92,null-source
3,243,91,null-source
3,244,86,null-source
3,245,61,null-source
3,246,36,null-source
3,247,25,null-source
3,248,23,null-source
3,249,11,null-source
3,250,3,null-source
3,251,327,null-source
3,252,312,null-source
3,253,288,null-source
3,254,287,null-source
3,255,265,null-source
3,256,260,null-source
3,257,244,null-source
3,258,239,null-source
3,259,232,null-source
3,260,229,null-source
3,261,228,null-source
3,262,217,null-source
3,263,210,null-source
3,264,185,null-source
3,265,101,null-source
3,266,83,null-source
3,267,79,null-source
3,268,77,null-source
3,269,73,null-source
3,270,72,null-source
3,271,66,null-source
3,272,54,null-source
3,273,32,null-source
3,274,24,null-source
3,275,17,null-source
3,276,14,null-source
3,277,13,null-source
3,278,7,null-source
3,279,356,null-source
3,280,354,null-source
3,281,352,null-source
3,282,349,null-source
3,283,348,null-source
3,284,347,null-source
3,285,331,null-source
3,286,330,null-source
3,287,323,null-source
3,288,319,null-source
3,289,310,null-source
3,290,306,null-source
3,291,297,null-source
3,292,276,null-source
3,293,274,null-source
3,294,270,null-source
3,295,241,null-source
3,296,237,null-source
3,297,224,null-source
3,298,223,null-source
3,299,220,null-source
3,300,211,null-source
3,301,206,null-source
3,302,204,null-source
3,303,203,null-source
3,304,187,null-source
3,305,182,null-source
3,306,181,null-source
3,307,162,null-source
3,308,90,null-source
3,309,84,null-source
3,310,81,null-source
3,311,78,null-source
3,312,75,null-source
3,313,51,null-source
3,314,50,null-source
3,315,46,null-source
3,316,43,null-source
3,317,38,null-source
3,318,30,null-source
3,319,28,null-source
3,320,27,null-source
3,321,20,null-source
3,322,15,null-source
3,323,4,null-source
3,324,353,null-source
3,325,351,null-source
3,326,350,null-source
3,327,344,null-source
3,328,334,null-source
3,329,328,null-source
3,330,322,null-source
3,331,303,null-source
3,332,296,null-source
3,333,273,null-source
3,334,272,null-source
3,335,269,null-source
3,336,257,null-source
3,337,251,null-source
3,338,231,null-source
3,339,221,null-source
3,340,215,null-source
3,341,199,null-source
3,342,196,null-source
3,343,186,null-source
3,344,184,null-source
3,345,174,null-source
3,346,172,null-source
3,347,69,null-source
3,348,63,null-source
3,349,60,null-source
3,350,56,null-source
3,351,55,null-source
3,352,52,null-source
3,353,42,null-source
3,354,37,null-source
3,355,35,null-source
3,356,22,null-source
3,357,18,null-source
3,358,16,null-source
3,359,1,null-source
4,1,300,null-source
4,2,250,null-source
4,3,128,null-source
4,4,267,null-source
4,5,131,null-source
4,6,126,null-source
4,7,113,null-source
4,8,110,null-source
4,9,305,null-source
4,10,154,null-source
4,11,159,null-source
4,12,132,null-source
4,13,148,null-source
4,14,176,null-source
4,15,109,null-source
4,16,289,null-source
4,17,207,null-source
4,18,201,null-source
4,19,177,null-source
4,20,236,null-source
4,21,141,null-source
4,22,341,null-source
4,23,209,null-source
4,24,112,null-source
4,25,286,null-source
4,26,317,null-source
4,27,102,null-source
4,28,134,null-source
4,29,62,null-source
4,30,96,null-source
4,31,21,null-source
4,32,302,null-source
4,33,116,null-source
4,34,336,null-source
4,35,41,null-source
4,36,191,null-source
4,37,294,null-source
4,38,145,null-source
4,39,125,null-source
4,40,345,null-source
4,41,333,null-source
4,42,325,null-source
4,43,308,null-source
4,44,105,null-source
4,45,100,null-source
4,46,309,null-source
4,47,205,null-source
4,48,59,null-source
4,49,321,null-source
4,50,173,null-source
4,51,108,null-source
4,52,235,null-source
4,53,137,null-source
4,54,122,null-source
4,55,118,null-source
4,56,162,null-source
4,57,332,null-source
4,58,101,null-source
4,59,283,null-source
4,60,227,null-source
4,61,97,null-source
4,62,114,null-source
4,63,98,null-source
4,64,258,null-source
4,65,194,null-source
4,66,174,null-source
4,67,71,null-source
4,68,301,null-source
4,69,161,null-source
4,70,185,null-source
4,71,168,null-source
4,72,107,null-source
4,73,95,null-source
4,74,293,null-source
4,75,189,null-source
4,76,178,null-source
4,77,139,null-source
4,78,29,null-source
4,79,315,null-source
4,80,143,null-source
4,81,32,null-source
4,82,6,null-source
4,83,318,null-source
4,84,170,null-source
4,85,87,null-source
4,86,44,null-source
4,87,358,null-source
4,88,326,null-source
4,89,230,null-source
4,90,155,null-source
4,91,151,null-source
4,92,127,null-source
4,93,206,null-source
4,94,195,null-source
4,95,136,null-source
4,96,80,null-source
4,97,284,null-source
4,98,279,null-source
4,99,271,null-source
4,100,270,null-source
4,101,263,null-source
4,102,213,null-source
4,103,171,null-source
4,104,106,null-source
4,105,82,null-source
4,106,10,null-source
4,107,339,null-source
4,108,273,null-source
4,109,253,null-source
4,110,252,null-source
4,111,169,null-source
4,112,146,null-source
4,113,124,null-source
4,114,99,null-source
4,115,66,null-source
4,116,208,null-source
4,117,115,null-source
4,118,296,null-source
4,119,291,null-source
4,120,254,null-source
4,121,166,null-source
4,122,147,null-source
4,123,133,null-source
4,124,121,null-source
4,125,104,null-source
4,126,103,null-source
4,127,78,null-source
4,128,53,null-source
4,129,11,null-source
4,130,307,null-source
4,131,285,null-source
4,132,219,null-source
4,133,150,null-source
4,134,149,null-source
4,135,123,null-source
4,136,120,null-source
4,137,119,null-source
4,138,70,null-source
4,139,24,null-source
4,140,12,null-source
4,141,337,null-source
4,142,303,null-source
4,143,290,null-source
4,144,280,null-source
4,145,278,null-source
4,146,277,null-source
4,147,264,null-source
4,148,225,null-source
4,149,216,null-source
4,150,199,null-source
4,151,197,null-source
4,152,163,null-source
4,153,129,null-source
4,154,91,null-source
4,155,299,null-source
4,156,251,null-source
4,157,220,null-source
4,158,214,null-source
4,159,200,null-source
4,160,198,null-source
4,161,175,null-source
4,162,165,null-source
4,163,153,null-source
4,164,117,null-source
4,165,85,null-source
4,166,77,null-source
4,167,61,null-source
4,168,37,null-source
4,169,17,null-source
4,170,359,null-source
4,171,342,null-source
4,172,340,null-source
4,173,316,null-source
4,174,313,null-source
4,175,276,null-source
4,176,265,null-source
4,177,249,null-source
4,178,187,null-source
4,179,157,null-source
4,180,142,null-source
4,181,64,null-source
4,182,47,null-source
4,183,45,null-source
4,184,9,null-source
4,185,320,null-source
4,186,281,null-source
4,187,275,null-source
4,188,259,null-source
4,189,243,null-source
4,190,212,null-source
4,191,190,null-source
4,192,144,null-source
4,193,93,null-source
4,194,46,null-source
4,195,40,null-source
4,196,357,null-source
4,197,343,null-source
4,198,306,null-source
4,199,244,null-source
4,200,180,null-source
4,201,158,null-source
4,202,135,null-source
4,203,49,null-source
4,204,31,null-source
4,205,26,null-source
4,206,355,null-source
4,207,334,null-source
4,208,329,null-source
4,209,311,null-source
4,210,310,null-source
4,211,304,null-source
4,212,274,null-source
4,213,238,null-source
4,214,221,null-source
4,215,204,null-source
4,216,188,null-source
4,217,181,null-source
4,218,167,null-source
4,219,84,null-source
4,220,83,null-source
4,221,81,null-source
4,222,39,null-source
4,223,35,null-source
4,224,19,null-source
4,225,5,null-source
4,226,4,null-source
4,227,331,null-source
4,228,282,null-source
4,229,269,null-source
4,230,262,null-source
4,231,232,null-source
4,232,210,null-source
4,233,202,null-source
4,234,192,null-source
4,235,164,null-source
4,236,160,null-source
4,237,156,null-source
4,238,89,null-source
4,239,74,null-source
4,240,8,null-source
4,241,319,null-source
4,242,295,null-source
4,243,272,null-source
4,244,266,null-source
4,245,257,null-source
4,246,247,null-source
4,247,246,null-source
4,248,240,null-source
4,249,233,null-source
4,250,229,null-source
4,251,226,null-source
4,252,223,null-source
4,253,222,null-source
4,254,184,null-source
4,255,182,null-source
4,256,179,null-source
4,257,140,null-source
4,258,138,null-source
4,259,111,null-source
4,260,88,null-source
4,261,86,null-source
4,262,79,null-source
4,263,68,null-source
4,264,65,null-source
4,265,60,null-source
4,266,56,null-source
4,267,25,null-source
4,268,15,null-source
4,269,3,null-source
4,270,2,null-source
4,271,352,null-source
4,272,338,null-source
4,273,335,null-source
4,274,330,null-source
4,275,323,null-source
4,276,298,null-source
4,277,297,null-source
4,278,292,null-source
4,279,268,null-source
4,280,248,null-source
4,281,245,null-source
4,282,242,null-source
4,283,228,null-source
4,284,224,null-source
4,285,218,null-source
4,286,217,null-source
4,287,215,null-source
4,288,203,null-source
4,289,196,null-source
4,290,183,null-source
4,291,172,null-source
4,292,152,null-source
4,293,94,null-source
4,294,90,null-source
4,295,76,null-source
4,296,72,null-source
4,297,55,null-source
4,298,48,null-source
4,299,42,null-source
4,300,36,null-source
4,301,34,null-source
4,302,33,null-source
4,303,20,null-source
4,304,14,null-source
4,305,13,null-source
4,306,7,null-source
4,307,356,null-source
4,308,354,null-source
4,309,346,null-source
4,310,328,null-source
4,311,324,null-source
4,312,322,null-source
4,313,314,null-source
4,314,312,null-source
4,315,288,null-source
4,316,287,null-source
4,317,261,null-source
4,318,260,null-source
4,319,239,null-source
4,320,237,null-source
4,321,234,null-source
4,322,193,null-source
4,323,186,null-source
4,324,130,null-source
4,325,92,null-source
4,326,75,null-source
4,327,73,null-source
4,328,67,null-source
4,329,57,null-source
4,330,54,null-source
4,331,52,null-source
4,332,51,null-source
4,333,50,null-source
4,334,43,null-source
4,335,38,null-source
4,336,28,null-source
4,337,27,null-source
4,338,23,null-source
4,339,18,null-source
4,340,1,null-source
4,341,353,null-source
4,342,351,null-source
4,343,350,null-source
4,344,349,null-source
4,345,348,null-source
4,346,347,null-source
4,347,344,null-source
4,348,327,null-source
4,349,256,null-source
4,350,255,null-source
4,351,241,null-source
4,352,231,null-source
4,353,211,null-source
4,354,69,null-source
4,355,63,null-source
4,356,58,null-source
4,357,30,null-source
4,358,22,null-source
4,359,16,null-source
5,1,198,null-source
5,2,109,null-source
5,3,102,null-source
5,4,121,null-source
5,5,120,null-source
5,6,126,null-source
5,7,155,null-source
5,8,59,null-source
5,9,341,null-source
5,10,98,null-source
5,11,123,null-source
5,12,264,null-source
5,13,87,null-source
5,14,333,null-source
5,15,119,null-source
5,16,19,null-source
5,17,318,null-source
5,18,337,null-source
5,19,227,null-source
5,20,346,null-source
5,21,355,null-source
5,22,132,null-source
5,23,66,null-source
5,24,209,null-source
5,25,250,null-source
5,26,107,null-source
5,27,31,null-source
5,28,2,null-source
5,29,308,null-source
5,30,321,null-source
5,31,127,null-source
5,32,101,null-source
5,33,325,null-source
5,34,332,null-source
5,35,108,null-source
5,36,359,null-source
5,37,89,null-source
5,38,104,null-source
5,39,148,null-source
5,40,99,null-source
5,41,163,null-source
5,42,286,null-source
5,43,157,null-source
5,44,137,null-source
5,45,301,null-source
5,46,170,null-source
5,47,141,null-source
5,48,118,null-source
5,49,145,null-source
5,50,135,null-source
5,51,336,null-source
5,52,316,null-source
5,53,205,null-source
5,54,168,null-source
5,55,105,null-source
5,56,177,null-source
5,57,128,null-source
5,58,9,null-source
5,59,8,null-source
5,60,6,null-source
5,61,314,null-source
5,62,236,null-source
5,63,178,null-source
5,64,150,null-source
5,65,300,null-source
5,66,80,null-source
5,67,67,null-source
5,68,342,null-source
5,69,173,null-source
5,70,146,null-source
5,71,106,null-source
5,72,335,null-source
5,73,201,null-source
5,74,143,null-source
5,75,45,null-source
5,76,207,null-source
5,77,175,null-source
5,78,176,null-source
5,79,149,null-source
5,80,124,null-source
5,81,235,null-source
5,82,47,null-source
5,83,309,null-source
5,84,103,null-source
5,85,194,null-source
5,86,139,null-source
5,87,130,null-source
5,88,100,null-source
5,89,315,null-source
5,90,311,null-source
5,91,96,null-source
5,92,61,null-source
5,93,50,null-source
5,94,32,null-source
5,95,307,null-source
5,96,161,null-source
5,97,153,null-source
5,98,122,null-source
5,99,117,null-source
5,100,82,null-source
5,101,48,null-source
5,102,304,null-source
5,103,164,null-source
5,104,162,null-source
5,105,75,null-source
5,106,68,null-source
5,107,334,null-source
5,108,331,null-source
5,109,131,null-source
5,110,129,null-source
5,111,53,null-source
5,112,5,null-source
5,113,344,null-source
5,114,239,null-source
5,115,142,null-source
5,116,97,null-source
5,117,91,null-source
5,118,78,null-source
5,119,71,null-source
5,120,62,null-source
5,121,340,null-source
5,122,326,null-source
5,123,312,null-source
5,124,302,null-source
5,125,258,null-source
5,126,197,null-source
5,127,165,null-source
5,128,115,null-source
5,129,90,null-source
5,130,41,null-source
5,131,37,null-source
5,132,329,null-source
5,133,279,null-source
5,134,154,null-source
5,135,112,null-source
5,136,252,null-source
5,137,166,null-source
5,138,299,null-source
5,139,134,null-source
5,140,116,null-source
5,141,28,null-source
5,142,345,null-source
5,143,343,null-source
5,144,289,null-source
5,145,189,null-source
5,146,169,null-source
5,147,44,null-source
5,148,14,null-source
5,149,13,null-source
5,150,339,null-source
5,151,323,null-source
5,152,313,null-source
5,153,226,null-source
5,154,179,null-source
5,155,171,null-source
5,156,159,null-source
5,157,85,null-source
5,158,74,null-source
5,159,36,null-source
5,160,24,null-source
5,161,358,null-source
5,162,319,null-source
5,163,283,null-source
5,164,253,null-source
5,165,138,null-source
5,166,114,null-source
5,167,113,null-source
5,168,95,null-source
5,169,34,null-source
5,170,26,null-source
5,171,357,null-source
5,172,294,null-source
5,173,265,null-source
5,174,249,null-source
5,175,217,null-source
5,176,188,null-source
5,177,185,null-source
5,178,174,null-source
5,179,133,null-source
5,180,125,null-source
5,181,27,null-source
5,182,21,null-source
5,183,356,null-source
5,184,306,null-source
5,185,263,null-source
5,186,180,null-source
5,187,151,null-source
5,188,144,null-source
5,189,136,null-source
5,190,81,null-source
5,191,76,null-source
5,192,64,null-source
5,193,51,null-source
5,194,39,null-source
5,195,33,null-source
5,196,12,null-source
5,197,330,null-source
5,198,327,null-source
5,199,322,null-source
5,200,320,null-source
5,201,317,null-source
5,202,310,null-source
5,203,297,null-source
5,204,284,null-source
5,205,230,null-source
5,206,221,null-source
5,207,167,null-source
5,208,156,null-source
5,209,77,null-source
5,210,43,null-source
5,211,7,null-source
5,212,271,null-source
5,213,246,null-source
5,214,245,null-source
5,215,191,null-source
5,216,140,null-source
5,217,111,null-source
5,218,93,null-source
5,219,65,null-source
5,220,29,null-source
5,221,16,null-source
5,222,3,null-source
5,223,328,null-source
5,224,295,null-source
5,225,282,null-source
5,226,220,null-source
5,227,200,null-source
5,228,110,null-source
5,229,70,null-source
5,230,56,null-source
5,231,18,null-source
5,232,4,null-source
5,233,324,null-source
5,234,305,null-source
5,235,292,null-source
5,236,287,null-source
5,237,268,null-source
5,238,267,null-source
5,239,260,null-source
5,240,152,null-source
5,241,79,null-source
5,242,73,null-source
5,243,72,null-source
5,244,46,null-source
5,245,40,null-source
5,246,30,null-source
5,247,23,null-source
5,248,22,null-source
5,249,338,null-source
5,250,266,null-source
5,251,232,null-source
5,252,214,null-source
5,253,195,null-source
5,254,193,null-source
5,255,183,null-source
5,256,160,null-source
5,257,92,null-source
5,258,88,null-source
5,259,60,null-source
5,260,54,null-source
5,261,52,null-source
5,262,42,null-source
5,263,35,null-source
5,264,354,null-source
5,265,349,null-source
5,266,296,null-source
5,267,293,null-source
5,268,285,null-source
5,269,275,null-source
5,270,251,null-source
5,271,242,null-source
5,272,240,null-source
5,273,219,null-source
5,274,208,null-source
5,275,190,null-source
5,276,187,null-source
5,277,172,null-source
5,278,158,null-source
5,279,147,null-source
5,280,94,null-source
5,281,84,null-source
5,282,83,null-source
5,283,57,null-source
5,284,55,null-source
5,285,49,null-source
5,286,38,null-source
5,287,20,null-source
5,288,17,null-source
5,289,348,null-source
5,290,347,null-source
5,291,291,null-source
5,292,278,null-source
5,293,277,null-source
5,294,272,null-source
5,295,269,null-source
5,296,259,null-source
5,297,255,null-source
5,298,254,null-source
5,299,222,null-source
5,300,218,null-source
5,301,216,null-source
5,302,215,null-source
5,303,211,null-source
5,304,210,null-source
5,305,202,null-source
5,306,184,null-source
5,307,69,null-source
5,308,58,null-source
5,309,15,null-source
5,310,10,null-source
5,311,1,null-source
5,312,353,null-source
5,313,352,null-source
5,314,303,null-source
5,315,298,null-source
5,316,290,null-source
5,317,288,null-source
5,318,280,null-source
5,319,276,null-source
5,320,274,null-source
5,321,273,null-source
5,322,261,null-source
5,323,256,null-source
5,324,248,null-source
5,325,247,null-source
5,326,243,null-source
5,327,238,null-source
5,328,234,null-source
5,329,233,null-source
5,330,228,null-source
5,331,225,null-source
5,332,224,null-source
5,333,223,null-source
5,334,213,null-source
5,335,212,null-source
5,336,199,null-source
5,337,186,null-source
5,338,86,null-source
5,339,63,null-source
5,340,11,null-source
5,341,351,null-source
5,342,350,null-source
5,343,281,null-source
5,344,270,null-source
5,345,262,null-source
5,346,257,null-source
5,347,244,null-source
5,348,241,null-source
5,349,237,null-source
5,350,231,null-source
5,351,229,null-source
5,352,206,null-source
5,353,204,null-source
5,354,203,null-source
5,355,196,null-source
5,356,192,null-source
5,357,182,null-source
5,358,181,null-source
5,359,25,null-source
6,1,124,null-source
6,2,300,null-source
6,3,250,null-source
6,4,118,null-source
6,5,154,null-source
6,6,189,null-source
6,7,205,null-source
6,8,236,null-source
6,9,207,null-source
6,10,209,null-source
6,11,110,null-source
6,12,80,null-source
6,13,201,null-source
6,14,132,null-source
6,15,147,null-source
6,16,115,null-source
6,17,341,null-source
6,18,140,null-source
6,19,289,null-source
6,20,321,null-source
6,21,126,null-source
6,22,157,null-source
6,23,109,null-source
6,24,68,null-source
6,25,235,null-source
6,26,142,null-source
6,27,127,null-source
6,28,116,null-source
6,29,150,null-source
6,30,148,null-source
6,31,267,null-source
6,32,131,null-source
6,33,252,null-source
6,34,168,null-source
6,35,59,null-source
6,36,325,null-source
6,37,305,null-source
6,38,264,null-source
6,39,146,null-source
6,40,96,null-source
6,41,176,null-source
6,42,170,null-source
6,43,155,null-source
6,44,141,null-source
6,45,122,null-source
6,46,230,null-source
6,47,185,null-source
6,48,144,null-source
6,49,85,null-source
6,50,40,null-source
6,51,336,null-source
6,52,159,null-source
6,53,128,null-source
6,54,120,null-source
6,55,97,null-source
6,56,318,null-source
6,57,151,null-source
6,58,102,null-source
6,59,139,null-source
6,60,163,null-source
6,61,87,null-source
6,62,41,null-source
6,63,282,null-source
6,64,258,null-source
6,65,191,null-source
6,66,177,null-source
6,67,149,null-source
6,68,125,null-source
6,69,286,null-source
6,70,123,null-source
6,71,114,null-source
6,72,249,null-source
6,73,121,null-source
6,74,345,null-source
6,75,113,null-source
6,76,130,null-source
6,77,100,null-source
6,78,95,null-source
6,79,71,null-source
6,80,253,null-source
6,81,227,null-source
6,82,173,null-source
6,83,166,null-source
6,84,161,null-source
6,85,153,null-source
6,86,129,null-source
6,87,219,null-source
6,88,174,null-source
6,89,152,null-source
6,90,105,null-source
6,91,290,null-source
6,92,107,null-source
6,93,84,null-source
6,94,66,null-source
6,95,358,null-source
6,96,302,null-source
6,97,294,null-source
6,98,245,null-source
6,99,206,null-source
6,100,194,null-source
6,101,190,null-source
6,102,178,null-source
6,103,162,null-source
6,104,119,null-source
6,105,112,null-source
6,106,83,null-source
6,107,280,null-source
6,108,279,null-source
6,109,200,null-source
6,110,145,null-source
6,111,143,null-source
6,112,134,null-source
6,113,292,null-source
6,114,283,null-source
6,115,91,null-source
6,116,53,null-source
6,117,295,null-source
6,118,246,null-source
6,119,175,null-source
6,120,135,null-source
6,121,98,null-source
6,122,277,null-source
6,123,158,null-source
6,124,88,null-source
6,125,24,null-source
6,126,9,null-source
6,127,359,null-source
6,128,337,null-source
6,129,308,null-source
6,130,169,null-source
6,131,156,null-source
6,132,108,null-source
6,133,335,null-source
6,134,317,null-source
6,135,309,null-source
6,136,307,null-source
6,137,271,null-source
6,138,193,null-source
6,139,165,null-source
6,140,164,null-source
6,141,136,null-source
6,142,106,null-source
6,143,67,null-source
6,144,62,null-source
6,145,316,null-source
6,146,284,null-source
6,147,133,null-source
6,148,101,null-source
6,149,76,null-source
6,150,73,null-source
6,151,72,null-source
6,152,70,null-source
6,153,31,null-source
6,154,13,null-source
6,155,6,null-source
6,156,333,null-source
6,157,275,null-source
6,158,251,null-source
6,159,228,null-source
6,160,74,null-source
6,161,65,null-source
6,162,32,null-source
6,163,29,null-source
6,164,332,null-source
6,165,315,null-source
6,166,314,null-source
6,167,306,null-source
6,168,304,null-source
6,169,254,null-source
6,170,240,null-source
6,171,214,null-source
6,172,197,null-source
6,173,171,null-source
6,174,138,null-source
6,175,78,null-source
6,176,45,null-source
6,177,44,null-source
6,178,35,null-source
6,179,23,null-source
6,180,17,null-source
6,181,313,null-source
6,182,296,null-source
6,183,291,null-source
6,184,222,null-source
6,185,198,null-source
6,186,195,null-source
6,187,81,null-source
6,188,64,null-source
6,189,58,null-source
6,190,49,null-source
6,191,48,null-source
6,192,18,null-source
6,193,11,null-source
6,194,10,null-source
6,195,326,null-source
6,196,301,null-source
6,197,281,null-source
6,198,270,null-source
6,199,266,null-source
6,200,241,null-source
6,201,229,null-source
6,202,226,null-source
6,203,188,null-source
6,204,183,null-source
6,205,111,null-source
6,206,103,null-source
6,207,86,null-source
6,208,79,null-source
6,209,21,null-source
6,210,2,null-source
6,211,342,null-source
6,212,331,null-source
6,213,312,null-source
6,214,293,null-source
6,215,278,null-source
6,216,276,null-source
6,217,262,null-source
6,218,259,null-source
6,219,256,null-source
6,220,232,null-source
6,221,220,null-source
6,222,117,null-source
6,223,93,null-source
6,224,89,null-source
6,225,77,null-source
6,226,60,null-source
6,227,52,null-source
6,228,50,null-source
6,229,47,null-source
6,230,12,null-source
6,231,5,null-source
6,232,354,null-source
6,233,346,null-source
6,234,343,null-source
6,235,340,null-source
6,236,338,null-source
6,237,334,null-source
6,238,323,null-source
6,239,320,null-source
6,240,311,null-source
6,241,310,null-source
6,242,288,null-source
6,243,285,null-source
6,244,274,null-source
6,245,265,null-source
6,246,242,null-source
6,247,239,null-source
6,248,238,null-source
6,249,199,null-source
6,250,179,null-source
6,251,137,null-source
6,252,104,null-source
6,253,75,null-source
6,254,63,null-source
6,255,61,null-source
6,256,56,null-source
6,257,46,null-source
6,258,39,null-source
6,259,36,null-source
6,260,33,null-source
6,261,22,null-source
6,262,16,null-source
6,263,7,null-source
6,264,3,null-source
6,265,355,null-source
6,266,351,null-source
6,267,348,null-source
6,268,344,null-source
6,269,329,null-source
6,270,327,null-source
6,271,322,null-source
6,272,287,null-source
6,273,269,null-source
6,274,268,null-source
6,275,263,null-source
6,276,260,null-source
6,277,257,null-source
6,278,255,null-source
6,279,243,null-source
6,280,237,null-source
6,281,218,null-source
6,282,216,null-source
6,283,215,null-source
6,284,213,null-source
6,285,212,null-source
6,286,211,null-source
6,287,210,null-source
6,288,192,null-source
6,289,187,null-source
6,290,182,null-source
6,291,181,null-source
6,292,99,null-source
6,293,94,null-source
6,294,57,null-source
6,295,54,null-source
6,296,51,null-source
6,297,43,null-source
6,298,34,null-source
6,299,26,null-source
6,300,25,null-source
6,301,19,null-source
6,302,15,null-source
6,303,8,null-source
6,304,357,null-source
6,305,356,null-source
6,306,352,null-source
6,307,350,null-source
6,308,339,null-source
6,309,328,null-source
6,310,324,null-source
6,311,319,null-source
6,312,303,null-source
6,313,299,null-source
6,314,298,null-source
6,315,297,null-source
6,316,273,null-source
6,317,272,null-source
6,318,248,null-source
6,319,247,null-source
6,320,244,null-source
6,321,233,null-source
6,322,225,null-source
6,323,224,null-source
6,324,217,null-source
6,325,208,null-source
6,326,204,null-source
6,327,202,null-source
6,328,186,null-source
6,329,180,null-source
6,330,167,null-source
6,331,160,null-source
6,332,92,null-source
6,333,55,null-source
6,334,30,null-source
6,335,27,null-source
6,336,20,null-source
6,337,353,null-source
6,338,349,null-source
6,339,347,null-source
6,340,330,null-source
6,341,261,null-source
6,342,234,null-source
6,343,231,null-source
6,344,223,null-source
6,345,221,null-source
6,346,203,null-source
6,347,196,null-source
6,348,184,null-source
6,349,172,null-source
6,350,90,null-source
6,351,82,null-source
6,352,69,null-source
6,353,42,null-source
6,354,38,null-source
6,355,37,null-source
6,356,28,null-source
6,357,14,null-source
6,358,4,null-source
6,359,1,null-source
7,1,110,null-source
7,2,87,null-source
7,3,359,null-source
7,4,300,null-source
7,5,318,null-source
7,6,157,null-source
7,7,123,null-source
7,8,118,null-source
7,9,250,null-source
7,10,205,null-source
7,11,154,null-source
7,12,109,null-source
7,13,132,null-source
7,14,235,null-source
7,15,127,null-source
7,16,209,null-source
7,17,155,null-source
7,18,150,null-source
7,19,98,null-source
7,20,19,null-source
7,21,341,null-source
7,22,333,null-source
7,23,207,null-source
7,24,146,null-source
7,25,153,null-source
7,26,286,null-source
7,27,325,null-source
7,28,126,null-source
7,29,315,null-source
7,30,120,null-source
7,31,321,null-source
7,32,309,null-source
7,33,128,null-source
7,34,80,null-source
7,35,201,null-source
7,36,302,null-source
7,37,189,null-source
7,38,227,null-source
7,39,358,null-source
7,40,139,null-source
7,41,151,null-source
7,42,236,null-source
7,43,119,null-source
7,44,97,null-source
7,45,85,null-source
7,46,67,null-source
7,47,114,null-source
7,48,148,null-source
7,49,116,null-source
7,50,345,null-source
7,51,291,null-source
7,52,219,null-source
7,53,170,null-source
7,54,168,null-source
7,55,95,null-source
7,56,44,null-source
7,57,59,null-source
7,58,264,null-source
7,59,134,null-source
7,60,68,null-source
7,61,306,null-source
7,62,171,null-source
7,63,121,null-source
7,64,317,null-source
7,65,165,null-source
7,66,106,null-source
7,67,21,null-source
7,68,337,null-source
7,69,305,null-source
7,70,194,null-source
7,71,163,null-source
7,72,138,null-source
7,73,308,null-source
7,74,292,null-source
7,75,149,null-source
7,76,145,null-source
7,77,135,null-source
7,78,130,null-source
7,79,115,null-source
7,80,289,null-source
7,81,164,null-source
7,82,161,null-source
7,83,104,null-source
7,84,230,null-source
7,85,124,null-source
7,86,105,null-source
7,87,45,null-source
7,88,336,null-source
7,89,267,null-source
7,90,252,null-source
7,91,177,null-source
7,92,108,null-source
7,93,47,null-source
7,94,316,null-source
7,95,102,null-source
7,96,220,null-source
7,97,159,null-source
7,98,131,null-source
7,99,129,null-source
7,100,117,null-source
7,101,191,null-source
7,102,175,null-source
7,103,125,null-source
7,104,9,null-source
7,105,301,null-source
7,106,162,null-source
7,107,32,null-source
7,108,249,null-source
7,109,143,null-source
7,110,294,null-source
7,111,208,null-source
7,112,179,null-source
7,113,166,null-source
7,114,74,null-source
7,115,14,null-source
7,116,2,null-source
7,117,253,null-source
7,118,202,null-source
7,119,193,null-source
7,120,178,null-source
7,121,141,null-source
7,122,99,null-source
7,123,71,null-source
7,124,48,null-source
7,125,41,null-source
7,126,6,null-source
7,127,331,null-source
7,128,311,null-source
7,129,310,null-source
7,130,283,null-source
7,131,198,null-source
7,132,176,null-source
7,133,173,null-source
7,134,152,null-source
7,135,66,null-source
7,136,49,null-source
7,137,307,null-source
7,138,275,null-source
7,139,251,null-source
7,140,195,null-source
7,141,174,null-source
7,142,100,null-source
7,143,31,null-source
7,144,346,null-source
7,145,343,null-source
7,146,338,null-source
7,147,335,null-source
7,148,246,null-source
7,149,188,null-source
7,150,167,null-source
7,151,158,null-source
7,152,144,null-source
7,153,137,null-source
7,154,113,null-source
7,155,112,null-source
7,156,53,null-source
7,157,355,null-source
7,158,263,null-source
7,159,262,null-source
7,160,254,null-source
7,161,147,null-source
7,162,136,null-source
7,163,96,null-source
7,164,65,null-source
7,165,46,null-source
7,166,24,null-source
7,167,339,null-source
7,168,326,null-source
7,169,314,null-source
7,170,304,null-source
7,171,279,null-source
7,172,271,null-source
7,173,225,null-source
7,174,133,null-source
7,175,122,null-source
7,176,107,null-source
7,177,101,null-source
7,178,76,null-source
7,179,75,null-source
7,180,64,null-source
7,181,320,null-source
7,182,284,null-source
7,183,258,null-source
7,184,245,null-source
7,185,214,null-source
7,186,210,null-source
7,187,82,null-source
7,188,23,null-source
7,189,12,null-source
7,190,327,null-source
7,191,295,null-source
7,192,293,null-source
7,193,228,null-source
7,194,217,null-source
7,195,185,null-source
7,196,81,null-source
7,197,78,null-source
7,198,13,null-source
7,199,11,null-source
7,200,357,null-source
7,201,285,null-source
7,202,282,null-source
7,203,276,null-source
7,204,218,null-source
7,205,211,null-source
7,206,197,null-source
7,207,169,null-source
7,208,91,null-source
7,209,70,null-source
7,210,61,null-source
7,211,29,null-source
7,212,26,null-source
7,213,25,null-source
7,214,17,null-source
7,215,10,null-source
7,216,8,null-source
7,217,342,null-source
7,218,340,null-source
7,219,332,null-source
7,220,313,null-source
7,221,299,null-source
7,222,290,null-source
7,223,265,null-source
7,224,240,null-source
7,225,237,null-source
7,226,226,null-source
7,227,222,null-source
7,228,212,null-source
7,229,142,null-source
7,230,103,null-source
7,231,84,null-source
7,232,83,null-source
7,233,77,null-source
7,234,40,null-source
7,235,36,null-source
7,236,16,null-source
7,237,7,null-source
7,238,344,null-source
7,239,324,null-source
7,240,278,null-source
7,241,266,null-source
7,242,241,null-source
7,243,238,null-source
7,244,213,null-source
7,245,206,null-source
7,246,200,null-source
7,247,199,null-source
7,248,190,null-source
7,249,160,null-source
7,250,94,null-source
7,251,72,null-source
7,252,62,null-source
7,253,56,null-source
7,254,39,null-source
7,255,37,null-source
7,256,34,null-source
7,257,33,null-source
7,258,30,null-source
7,259,5,null-source
7,260,334,null-source
7,261,330,null-source
7,262,329,null-source
7,263,322,null-source
7,264,319,null-source
7,265,312,null-source
7,266,296,null-source
7,267,280,null-source
7,268,277,null-source
7,269,273,null-source
7,270,270,null-source
7,271,257,null-source
7,272,255,null-source
7,273,244,null-source
7,274,239,null-source
7,275,233,null-source
7,276,232,null-source
7,277,229,null-source
7,278,216,null-source
7,279,204,null-source
7,280,192,null-source
7,281,183,null-source
7,282,89,null-source
7,283,88,null-source
7,284,58,null-source
7,285,50,null-source
7,286,35,null-source
7,287,20,null-source
7,288,356,null-source
7,289,351,null-source
7,290,350,null-source
7,291,349,null-source
7,292,347,null-source
7,293,298,null-source
7,294,288,null-source
7,295,287,null-source
7,296,281,null-source
7,297,268,null-source
7,298,260,null-source
7,299,259,null-source
7,300,256,null-source
7,301,248,null-source
7,302,243,null-source
7,303,242,null-source
7,304,231,null-source
7,305,223,null-source
7,306,187,null-source
7,307,181,null-source
7,308,180,null-source
7,309,156,null-source
7,310,140,null-source
7,311,111,null-source
7,312,93,null-source
7,313,90,null-source
7,314,86,null-source
7,315,79,null-source
7,316,73,null-source
7,317,60,null-source
7,318,54,null-source
7,319,51,null-source
7,320,43,null-source
7,321,28,null-source
7,322,27,null-source
7,323,22,null-source
7,324,4,null-source
7,325,1,null-source
7,326,354,null-source
7,327,353,null-source
7,328,352,null-source
7,329,348,null-source
7,330,328,null-source
7,331,323,null-source
7,332,303,null-source
7,333,297,null-source
7,334,274,null-source
7,335,272,null-source
7,336,269,null-source
7,337,261,null-source
7,338,247,null-source
7,339,234,null-source
7,340,224,null-source
7,341,221,null-source
7,342,215,null-source
7,343,203,null-source
7,344,196,null-source
7,345,186,null-source
7,346,184,null-source
7,347,182,null-source
7,348,172,null-source
7,349,92,null-source
7,350,69,null-source
7,351,63,null-source
7,352,57,null-source
7,353,55,null-source
7,354,52,null-source
7,355,42,null-source
7,356,38,null-source
7,357,18,null-source
7,358,15,null-source
7,359,3,null-source
8,1,142,null-source
8,2,140,null-source
8,3,146,null-source
8,4,155,null-source
8,5,264,null-source
8,6,305,null-source
8,7,235,null-source
8,8,110,null-source
8,9,123,null-source
8,10,227,null-source
8,11,230,null-source
8,12,118,null-source
8,13,300,null-source
8,14,250,null-source
8,15,304,null-source
8,16,301,null-source
8,17,205,null-source
8,18,157,null-source
8,19,226,null-source
8,20,139,null-source
8,21,258,null-source
8,22,19,null-source
8,23,147,null-source
8,24,291,null-source
8,25,170,null-source
8,26,114,null-source
8,27,219,null-source
8,28,292,null-source
8,29,132,null-source
8,30,236,null-source
8,31,150,null-source
8,32,115,null-source
8,33,177,null-source
8,34,252,null-source
8,35,105,null-source
8,36,85,null-source
8,37,174,null-source
8,38,167,null-source
8,39,68,null-source
8,40,333,null-source
8,41,318,null-source
8,42,185,null-source
8,43,249,null-source
8,44,198,null-source
8,45,194,null-source
8,46,358,null-source
8,47,201,null-source
8,48,153,null-source
8,49,189,null-source
8,50,127,null-source
8,51,179,null-source
8,52,95,null-source
8,53,254,null-source
8,54,262,null-source
8,55,109,null-source
8,56,191,null-source
8,57,246,null-source
8,58,134,null-source
8,59,247,null-source
8,60,135,null-source
8,61,87,null-source
8,62,289,null-source
8,63,165,null-source
8,64,164,null-source
8,65,267,null-source
8,66,220,null-source
8,67,148,null-source
8,68,286,null-source
8,69,209,null-source
8,70,120,null-source
8,71,299,null-source
8,72,154,null-source
8,73,144,null-source
8,74,225,null-source
8,75,207,null-source
8,76,163,null-source
8,77,178,null-source
8,78,151,null-source
8,79,228,null-source
8,80,341,null-source
8,81,166,null-source
8,82,2,null-source
8,83,263,null-source
8,84,130,null-source
8,85,243,null-source
8,86,176,null-source
8,87,143,null-source
8,88,336,null-source
8,89,293,null-source
8,90,282,null-source
8,91,212,null-source
8,92,200,null-source
8,93,168,null-source
8,94,138,null-source
8,95,357,null-source
8,96,290,null-source
8,97,253,null-source
8,98,193,null-source
8,99,359,null-source
8,100,216,null-source
8,101,119,null-source
8,102,302,null-source
8,103,242,null-source
8,104,180,null-source
8,105,116,null-source
8,106,295,null-source
8,107,280,null-source
8,108,278,null-source
8,109,245,null-source
8,110,283,null-source
8,111,202,null-source
8,112,156,null-source
8,113,131,null-source
8,114,98,null-source
8,115,325,null-source
8,116,274,null-source
8,117,125,null-source
8,118,124,null-source
8,119,71,null-source
8,120,14,null-source
8,121,6,null-source
8,122,309,null-source
8,123,161,null-source
8,124,159,null-source
8,125,126,null-source
8,126,338,null-source
8,127,197,null-source
8,128,145,null-source
8,129,141,null-source
8,130,100,null-source
8,131,59,null-source
8,132,294,null-source
8,133,208,null-source
8,134,199,null-source
8,135,162,null-source
8,136,137,null-source
8,137,133,null-source
8,138,128,null-source
8,139,53,null-source
8,140,21,null-source
8,141,321,null-source
8,142,308,null-source
8,143,276,null-source
8,144,184,null-source
8,145,121,null-source
8,146,307,null-source
8,147,279,null-source
8,148,265,null-source
8,149,206,null-source
8,150,188,null-source
8,151,173,null-source
8,152,108,null-source
8,153,102,null-source
8,154,80,null-source
8,155,67,null-source
8,156,314,null-source
8,157,287,null-source
8,158,275,null-source
8,159,239,null-source
8,160,229,null-source
8,161,213,null-source
8,162,175,null-source
8,163,46,null-source
8,164,10,null-source
8,165,329,null-source
8,166,326,null-source
8,167,277,null-source
8,168,257,null-source
8,169,214,null-source
8,170,195,null-source
8,171,190,null-source
8,172,12,null-source
8,173,337,null-source
8,174,315,null-source
8,175,297,null-source
8,176,248,null-source
8,177,187,null-source
8,178,101,null-source
8,179,17,null-source
8,180,284,null-source
8,181,272,null-source
8,182,270,null-source
8,183,231,null-source
8,184,196,null-source
8,185,182,null-source
8,186,152,null-source
8,187,149,null-source
8,188,106,null-source
8,189,96,null-source
8,190,65,null-source
8,191,45,null-source
8,192,34,null-source
8,193,32,null-source
8,194,7,null-source
8,195,339,null-source
8,196,268,null-source
8,197,256,null-source
8,198,255,null-source
8,199,238,null-source
8,200,215,null-source
8,201,172,null-source
8,202,171,null-source
8,203,122,null-source
8,204,113,null-source
8,205,99,null-source
8,206,89,null-source
8,207,78,null-source
8,208,316,null-source
8,209,312,null-source
8,210,296,null-source
8,211,273,null-source
8,212,261,null-source
8,213,260,null-source
8,214,223,null-source
8,215,221,null-source
8,216,183,null-source
8,217,181,null-source
8,218,117,null-source
8,219,97,null-source
8,220,88,null-source
8,221,56,null-source
8,222,15,null-source
8,223,9,null-source
8,224,349,null-source
8,225,288,null-source
8,226,269,null-source
8,227,266,null-source
8,228,259,null-source
8,229,251,null-source
8,230,241,null-source
8,231,218,null-source
8,232,203,null-source
8,233,158,null-source
8,234,112,null-source
8,235,103,null-source
8,236,77,null-source
8,237,70,null-source
8,238,47,null-source
8,239,44,null-source
8,240,8,null-source
8,241,346,null-source
8,242,311,null-source
8,243,310,null-source
8,244,285,null-source
8,245,281,null-source
8,246,271,null-source
8,247,232,null-source
8,248,224,null-source
8,249,217,null-source
8,250,136,null-source
8,251,75,null-source
8,252,74,null-source
8,253,58,null-source
8,254,41,null-source
8,255,16,null-source
8,256,11,null-source
8,257,3,null-source
8,258,345,null-source
8,259,342,null-source
8,260,331,null-source
8,261,317,null-source
8,262,244,null-source
8,263,240,null-source
8,264,237,null-source
8,265,234,null-source
8,266,222,null-source
8,267,210,null-source
8,268,204,null-source
8,269,192,null-source
8,270,129,null-source
8,271,111,null-source
8,272,107,null-source
8,273,62,null-source
8,274,40,null-source
8,275,37,null-source
8,276,25,null-source
8,277,24,null-source
8,278,23,null-source
8,279,13,null-source
8,280,355,null-source
8,281,353,null-source
8,282,335,null-source
8,283,298,null-source
8,284,233,null-source
8,285,211,null-source
8,286,104,null-source
8,287,92,null-source
8,288,91,null-source
8,289,90,null-source
8,290,79,null-source
8,291,76,null-source
8,292,66,null-source
8,293,63,null-source
8,294,49,null-source
8,295,33,null-source
8,296,31,null-source
8,297,28,null-source
8,298,27,null-source
8,299,20,null-source
8,300,5,null-source
8,301,354,null-source
8,302,352,null-source
8,303,328,null-source
8,304,324,null-source
8,305,322,null-source
8,306,320,null-source
8,307,313,null-source
8,308,306,null-source
8,309,186,null-source
8,310,169,null-source
8,311,160,null-source
8,312,93,null-source
8,313,82,null-source
8,314,81,null-source
8,315,64,null-source
8,316,51,null-source
8,317,50,null-source
8,318,48,null-source
8,319,39,null-source
8,320,36,null-source
8,321,26,null-source
8,322,1,null-source
8,323,351,null-source
8,324,350,null-source
8,325,348,null-source
8,326,347,null-source
8,327,344,null-source
8,328,340,null-source
8,329,334,null-source
8,330,332,null-source
8,331,330,null-source
8,332,319,null-source
8,333,94,null-source
8,334,86,null-source
8,335,84,null-source
8,336,73,null-source
8,337,61,null-source
8,338,55,null-source
8,339,42,null-source
8,340,30,null-source
8,341,22,null-source
8,342,18,null-source
8,343,356,null-source
8,344,343,null-source
8,345,327,null-source
8,346,323,null-source
8,347,303,null-source
8,348,83,null-source
8,349,72,null-source
8,350,69,null-source
8,351,60,null-source
8,352,57,null-source
8,353,54,null-source
8,354,52,null-source
8,355,43,null-source
8,356,38,null-source
8,357,35,null-source
8,358,29,null-source
8,359,4,null-source
9,1,351,null-source
9,2,354,null-source
9,3,350,null-source
9,4,347,null-source
9,5,353,null-source
9,6,352,null-source
9,7,349,null-source
9,8,348,null-source
9,9,110,null-source
9,10,279,null-source
9,11,300,null-source
9,12,236,null-source
9,13,286,null-source
9,14,146,null-source
9,15,105,null-source
9,16,123,null-source
9,17,250,null-source
9,18,114,null-source
9,19,132,null-source
9,20,59,null-source
9,21,154,null-source
9,22,95,null-source
9,23,207,null-source
9,24,152,null-source
9,25,128,null-source
9,26,341,null-source
9,27,126,null-source
9,28,205,null-source
9,29,157,null-source
9,30,189,null-source
9,31,321,null-source
9,32,177,null-source
9,33,148,null-source
9,34,315,null-source
9,35,109,null-source
9,36,96,null-source
9,37,44,null-source
9,38,41,null-source
9,39,155,null-source
9,40,337,null-source
9,41,209,null-source
9,42,65,null-source
9,43,127,null-source
9,44,102,null-source
9,45,309,null-source
9,46,85,null-source
9,47,97,null-source
9,48,87,null-source
9,49,301,null-source
9,50,125,null-source
9,51,80,null-source
9,52,134,null-source
9,53,68,null-source
9,54,336,null-source
9,55,263,null-source
9,56,230,null-source
9,57,118,null-source
9,58,98,null-source
9,59,46,null-source
9,60,174,null-source
9,61,159,null-source
9,62,333,null-source
9,63,162,null-source
9,64,108,null-source
9,65,358,null-source
9,66,258,null-source
9,67,252,null-source
9,68,178,null-source
9,69,170,null-source
9,70,165,null-source
9,71,121,null-source
9,72,317,null-source
9,73,161,null-source
9,74,74,null-source
9,75,49,null-source
9,76,307,null-source
9,77,179,null-source
9,78,176,null-source
9,79,101,null-source
9,80,21,null-source
9,81,308,null-source
9,82,305,null-source
9,83,201,null-source
9,84,194,null-source
9,85,150,null-source
9,86,120,null-source
9,87,12,null-source
9,88,175,null-source
9,89,164,null-source
9,90,137,null-source
9,91,124,null-source
9,92,116,null-source
9,93,271,null-source
9,94,180,null-source
9,95,173,null-source
9,96,168,null-source
9,97,163,null-source
9,98,131,null-source
9,99,99,null-source
9,100,19,null-source
9,101,11,null-source
9,102,320,null-source
9,103,318,null-source
9,104,306,null-source
9,105,235,null-source
9,106,214,null-source
9,107,202,null-source
9,108,200,null-source
9,109,151,null-source
9,110,149,null-source
9,111,139,null-source
9,112,133,null-source
9,113,113,null-source
9,114,106,null-source
9,115,31,null-source
9,116,359,null-source
9,117,325,null-source
9,118,277,null-source
9,119,251,null-source
9,120,249,null-source
9,121,169,null-source
9,122,158,null-source
9,123,147,null-source
9,124,115,null-source
9,125,100,null-source
9,126,88,null-source
9,127,53,null-source
9,128,32,null-source
9,129,9,null-source
9,130,2,null-source
9,131,357,null-source
9,132,264,null-source
9,133,253,null-source
9,134,227,null-source
9,135,219,null-source
9,136,166,null-source
9,137,135,null-source
9,138,77,null-source
9,139,67,null-source
9,140,39,null-source
9,141,355,null-source
9,142,346,null-source
9,143,294,null-source
9,144,293,null-source
9,145,255,null-source
9,146,254,null-source
9,147,198,null-source
9,148,191,null-source
9,149,153,null-source
9,150,142,null-source
9,151,141,null-source
9,152,136,null-source
9,153,111,null-source
9,154,62,null-source
9,155,48,null-source
9,156,8,null-source
9,157,345,null-source
9,158,324,null-source
9,159,310,null-source
9,160,302,null-source
9,161,295,null-source
9,162,267,null-source
9,163,237,null-source
9,164,145,null-source
9,165,144,null-source
9,166,140,null-source
9,167,119,null-source
9,168,112,null-source
9,169,91,null-source
9,170,78,null-source
9,171,66,null-source
9,172,10,null-source
9,173,343,null-source
9,174,326,null-source
9,175,313,null-source
9,176,270,null-source
9,177,246,null-source
9,178,245,null-source
9,179,228,null-source
9,180,220,null-source
9,181,185,null-source
9,182,138,null-source
9,183,130,null-source
9,184,122,null-source
9,185,104,null-source
9,186,82,null-source
9,187,72,null-source
9,188,64,null-source
9,189,56,null-source
9,190,47,null-source
9,191,5,null-source
9,192,323,null-source
9,193,314,null-source
9,194,311,null-source
9,195,292,null-source
9,196,289,null-source
9,197,278,null-source
9,198,273,null-source
9,199,243,null-source
9,200,242,null-source
9,201,226,null-source
9,202,208,null-source
9,203,197,null-source
9,204,193,null-source
9,205,183,null-source
9,206,171,null-source
9,207,167,null-source
9,208,107,null-source
9,209,90,null-source
9,210,73,null-source
9,211,61,null-source
9,212,58,null-source
9,213,45,null-source
9,214,40,null-source
9,215,29,null-source
9,216,25,null-source
9,217,7,null-source
9,218,344,null-source
9,219,342,null-source
9,220,340,null-source
9,221,339,null-source
9,222,334,null-source
9,223,332,null-source
9,224,319,null-source
9,225,312,null-source
9,226,304,null-source
9,227,299,null-source
9,228,287,null-source
9,229,283,null-source
9,230,280,null-source
9,231,275,null-source
9,232,256,null-source
9,233,213,null-source
9,234,199,null-source
9,235,195,null-source
9,236,187,null-source
9,237,156,null-source
9,238,129,null-source
9,239,103,null-source
9,240,84,null-source
9,241,81,null-source
9,242,76,null-source
9,243,6,null-source
9,244,322,null-source
9,245,297,null-source
9,246,290,null-source
9,247,284,null-source
9,248,282,null-source
9,249,247,null-source
9,250,238,null-source
9,251,232,null-source
9,252,225,null-source
9,253,218,null-source
9,254,206,null-source
9,255,188,null-source
9,256,186,null-source
9,257,83,null-source
9,258,57,null-source
9,259,52,null-source
9,260,37,null-source
9,261,26,null-source
9,262,16,null-source
9,263,14,null-source
9,264,3,null-source
9,265,356,null-source
9,266,335,null-source
9,267,331,null-source
9,268,327,null-source
9,269,288,null-source
9,270,274,null-source
9,271,272,null-source
9,272,266,null-source
9,273,265,null-source
9,274,262,null-source
9,275,261,null-source
9,276,260,null-source
9,277,257,null-source
9,278,241,null-source
9,279,240,null-source
9,280,239,null-source
9,281,234,null-source
9,282,233,null-source
9,283,224,null-source
9,284,222,null-source
9,285,221,null-source
9,286,217,null-source
9,287,216,null-source
9,288,212,null-source
9,289,210,null-source
9,290,203,null-source
9,291,190,null-source
9,292,172,null-source
9,293,160,null-source
9,294,143,null-source
9,295,117,null-source
9,296,94,null-source
9,297,79,null-source
9,298,75,null-source
9,299,63,null-source
9,300,55,null-source
9,301,43,null-source
9,302,34,null-source
9,303,33,null-source
9,304,28,null-source
9,305,27,null-source
9,306,24,null-source
9,307,18,null-source
9,308,13,null-source
9,309,1,null-source
9,310,338,null-source
9,311,330,null-source
9,312,329,null-source
9,313,328,null-source
9,314,316,null-source
9,315,303,null-source
9,316,298,null-source
9,317,296,null-source
9,318,291,null-source
9,319,285,null-source
9,320,281,null-source
9,321,276,null-source
9,322,269,null-source
9,323,268,null-source
9,324,259,null-source
9,325,248,null-source
9,326,244,null-source
9,327,231,null-source
9,328,229,null-source
9,329,223,null-source
9,330,215,null-source
9,331,211,null-source
9,332,204,null-source
9,333,196,null-source
9,334,192,null-source
9,335,184,null-source
9,336,182,null-source
9,337,181,null-source
9,338,93,null-source
9,339,92,null-source
9,340,89,null-source
9,341,86,null-source
9,342,71,null-source
9,343,70,null-source
9,344,69,null-source
9,345,60,null-source
9,346,54,null-source
9,347,51,null-source
9,348,50,null-source
9,349,42,null-source
9,350,38,null-source
9,351,36,null-source
9,352,35,null-source
9,353,30,null-source
9,354,23,null-source
9,355,22,null-source
9,356,20,null-source
9,357,17,null-source
9,358,15,null-source
9,359,4,null-source
10,1,123,null-source
10,2,300,null-source
10,3,155,null-source
10,4,120,null-source
10,5,110,null-source
10,6,132,null-source
10,7,127,null-source
10,8,250,null-source
10,9,126,null-source
10,10,41,null-source
10,11,146,null-source
10,12,157,null-source
10,13,80,null-source
10,14,150,null-source
10,15,321,null-source
10,16,125,null-source
10,17,207,null-source
10,18,325,null-source
10,19,111,null-source
10,20,118,null-source
10,21,85,null-source
10,22,59,null-source
10,23,98,null-source
10,24,68,null-source
10,25,153,null-source
10,26,109,null-source
10,27,279,null-source
10,28,122,null-source
10,29,161,null-source
10,30,333,null-source
10,31,317,null-source
10,32,177,null-source
10,33,205,null-source
10,34,209,null-source
10,35,341,null-source
10,36,152,null-source
10,37,131,null-source
10,38,164,null-source
10,39,286,null-source
10,40,336,null-source
10,41,318,null-source
10,42,133,null-source
10,43,128,null-source
10,44,115,null-source
10,45,227,null-source
10,46,170,null-source
10,47,139,null-source
10,48,264,null-source
10,49,141,null-source
10,50,357,null-source
10,51,236,null-source
10,52,159,null-source
10,53,151,null-source
10,54,124,null-source
10,55,114,null-source
10,56,219,null-source
10,57,166,null-source
10,58,19,null-source
10,59,180,null-source
10,60,134,null-source
10,61,45,null-source
10,62,189,null-source
10,63,178,null-source
10,64,345,null-source
10,65,154,null-source
10,66,301,null-source
10,67,294,null-source
10,68,201,null-source
10,69,130,null-source
10,70,96,null-source
10,71,21,null-source
10,72,305,null-source
10,73,235,null-source
10,74,173,null-source
10,75,148,null-source
10,76,171,null-source
10,77,129,null-source
10,78,87,null-source
10,79,77,null-source
10,80,339,null-source
10,81,165,null-source
10,82,26,null-source
10,83,358,null-source
10,84,135,null-source
10,85,116,null-source
10,86,53,null-source
10,87,326,null-source
10,88,253,null-source
10,89,168,null-source
10,90,163,null-source
10,91,137,null-source
10,92,121,null-source
10,93,107,null-source
10,94,104,null-source
10,95,95,null-source
10,96,65,null-source
10,97,332,null-source
10,98,230,null-source
10,99,302,null-source
10,100,191,null-source
10,101,102,null-source
10,102,32,null-source
10,103,9,null-source
10,104,179,null-source
10,105,149,null-source
10,106,97,null-source
10,107,44,null-source
10,108,337,null-source
10,109,309,null-source
10,110,266,null-source
10,111,119,null-source
10,112,306,null-source
10,113,292,null-source
10,114,200,null-source
10,115,106,null-source
10,116,105,null-source
10,117,67,null-source
10,118,11,null-source
10,119,2,null-source
10,120,320,null-source
10,121,267,null-source
10,122,194,null-source
10,123,175,null-source
10,124,113,null-source
10,125,100,null-source
10,126,99,null-source
10,127,342,null-source
10,128,338,null-source
10,129,311,null-source
10,130,254,null-source
10,131,158,null-source
10,132,156,null-source
10,133,142,null-source
10,134,82,null-source
10,135,52,null-source
10,136,39,null-source
10,137,252,null-source
10,138,108,null-source
10,139,37,null-source
10,140,220,null-source
10,141,140,null-source
10,142,91,null-source
10,143,88,null-source
10,144,40,null-source
10,145,29,null-source
10,146,308,null-source
10,147,289,null-source
10,148,282,null-source
10,149,271,null-source
10,150,174,null-source
10,151,147,null-source
10,152,145,null-source
10,153,138,null-source
10,154,56,null-source
10,155,48,null-source
10,156,47,null-source
10,157,25,null-source
10,158,6,null-source
10,159,359,null-source
10,160,344,null-source
10,161,310,null-source
10,162,284,null-source
10,163,176,null-source
10,164,167,null-source
10,165,12,null-source
10,166,304,null-source
10,167,257,null-source
10,168,249,null-source
10,169,214,null-source
10,170,169,null-source
10,171,143,null-source
10,172,93,null-source
10,173,62,null-source
10,174,61,null-source
10,175,343,null-source
10,176,295,null-source
10,177,211,null-source
10,178,195,null-source
10,179,185,null-source
10,180,89,null-source
10,181,84,null-source
10,182,70,null-source
10,183,66,null-source
10,184,307,null-source
10,185,283,null-source
10,186,258,null-source
10,187,245,null-source
10,188,190,null-source
10,189,162,null-source
10,190,83,null-source
10,191,81,null-source
10,192,78,null-source
10,193,74,null-source
10,194,23,null-source
10,195,14,null-source
10,196,5,null-source
10,197,323,null-source
10,198,316,null-source
10,199,315,null-source
10,200,313,null-source
10,201,312,null-source
10,202,277,null-source
10,203,247,null-source
10,204,198,null-source
10,205,187,null-source
10,206,160,null-source
10,207,76,null-source
10,208,49,null-source
10,209,8,null-source
10,210,7,null-source
10,211,299,null-source
10,212,291,null-source
10,213,263,null-source
10,214,246,null-source
10,215,243,null-source
10,216,225,null-source
10,217,224,null-source
10,218,136,null-source
10,219,101,null-source
10,220,86,null-source
10,221,71,null-source
10,222,64,null-source
10,223,31,null-source
10,224,24,null-source
10,225,13,null-source
10,226,340,null-source
10,227,329,null-source
10,228,322,null-source
10,229,319,null-source
10,230,314,null-source
10,231,290,null-source
10,232,278,null-source
10,233,259,null-source
10,234,242,null-source
10,235,239,null-source
10,236,238,null-source
10,237,229,null-source
10,238,202,null-source
10,239,197,null-source
10,240,144,null-source
10,241,58,null-source
10,242,57,null-source
10,243,28,null-source
10,244,27,null-source
10,245,20,null-source
10,246,16,null-source
10,247,10,null-source
10,248,355,null-source
10,249,335,null-source
10,250,330,null-source
10,251,303,null-source
10,252,281,null-source
10,253,269,null-source
10,254,261,null-source
10,255,260,null-source
10,256,251,null-source
10,257,226,null-source
10,258,216,null-source
10,259,208,null-source
10,260,206,null-source
10,261,188,null-source
10,262,117,null-source
10,263,112,null-source
10,264,103,null-source
10,265,94,null-source
10,266,73,null-source
10,267,72,null-source
10,268,63,null-source
10,269,51,null-source
10,270,46,null-source
10,271,43,null-source
10,272,35,null-source
10,273,33,null-source
10,274,30,null-source
10,275,18,null-source
10,276,334,null-source
10,277,324,null-source
10,278,293,null-source
10,279,280,null-source
10,280,274,null-source
10,281,273,null-source
10,282,262,null-source
10,283,244,null-source
10,284,240,null-source
10,285,237,null-source
10,286,228,null-source
10,287,203,null-source
10,288,193,null-source
10,289,183,null-source
10,290,79,null-source
10,291,75,null-source
10,292,60,null-source
10,293,22,null-source
10,294,352,null-source
10,295,349,null-source
10,296,348,null-source
10,297,346,null-source
10,298,331,null-source
10,299,297,null-source
10,300,296,null-source
10,301,276,null-source
10,302,275,null-source
10,303,272,null-source
10,304,268,null-source
10,305,265,null-source
10,306,248,null-source
10,307,231,null-source
10,308,223,null-source
10,309,222,null-source
10,310,221,null-source
10,311,215,null-source
10,312,213,null-source
10,313,210,null-source
10,314,204,null-source
10,315,199,null-source
10,316,186,null-source
10,317,184,null-source
10,318,55,null-source
10,319,54,null-source
10,320,50,null-source
10,321,42,null-source
10,322,38,null-source
10,323,36,null-source
10,324,17,null-source
10,325,15,null-source
10,326,4,null-source
10,327,3,null-source
10,328,1,null-source
10,329,356,null-source
10,330,354,null-source
10,331,353,null-source
10,332,351,null-source
10,333,350,null-source
10,334,347,null-source
10,335,328,null-source
10,336,327,null-source
10,337,298,null-source
10,338,288,null-source
10,339,287,null-source
10,340,285,null-source
10,341,270,null-source
10,342,256,null-source
10,343,255,null-source
10,344,241,null-source
10,345,234,null-source
10,346,233,null-source
10,347,232,null-source
10,348,218,null-source
10,349,217,null-source
10,350,212,null-source
10,351,196,null-source
10,352,192,null-source
10,353,182,null-source
10,354,181,null-source
10,355,172,null-source
10,356,92,null-source
10,357,90,null-source
10,358,69,null-source
10,359,34,null-source
