branch,article
Transport Canada ,"Wingsuit flying , Confrontation at Concordia , Glass Swords , The Game (UK TV series) , Gabriel Cusson , Property Brothers , Authorization to Transport , Receiver of Wreck , Transport Canada "
Canadian Broadcasting Corporation ,"Paul Michael Glaser , Champlain Society , The Walter and Duncan Gordon Foundation , Ahmadiyya by country , Samuel Andrews (chemist) , Senneville Quebec , Toronto FC , Bullet Joe Simpson , User talk:Knipptang , Grant Lawrence , Put Your Dreams Away (For Another Day) , Rudyard Griffiths , CBLA-FM , Walk off the Earth , The Sketchersons , Richard Zussman , David Ruffin , Marcia Young , Q (radio show) , List of compositions by Johann Nepomuk Hu , 5th Projekt , Tub Ring , Chic-a-Go-Go , Dragons' Den (Canada) , Academy of the Impossible , SNC-Lavalin "
Shared Services Canada ,"Royal Canadian Air Cadets , Coin flipping , Shared services , Star Citizen , Ibrahim al-Hamdi , Fire and Water (Free album) , Kenojuak Ashevak , The Game (UK TV series) , Target Canada , Elizabeth J. Duncan , Pepper Ann , Norman Paterson School of International Affairs , Nathan Burgoine , 2014 shootings at Parliament Hill Ottawa , 2006 Ontario terrorism plot , Template:JYP Entertainment , Template:Action Bronson , Confrontation at Concordia , Governor (United States) , The Pebbles and Bamm-Bamm Show , Template:New England Black Wolves roster , Royal Victorian Chain , History of Crimea , Ted Hsu , Template:WA Entertainment , Modélisation de processus , Modèle:Alignement Rouge et Noir d'Ottawa , The Flintstone Comedy Hour , Quantitative computed tomography , Rhysling Award , Timeline of the far future , Software framework , List of metro systems , Citizenship judge , Carlisle Adams , Expert system , Victoria (3D figure) , Poser , Aéreo Calafia , Chiac , Falange , Commonwealth of Nations , Abdullah Ibrahim , Fleetwood Mac , ISO 8601 , IBM Hardware Management Console , Merivale High School , Sailing ballast , Higher education , SIRIUS Travel Link , Wingsuit flying , WhatsApp , Area codes 902 and 782 , Rogers K-Rock Centre , Animoto , Opposites Attract (1990 film) , BlackBerry Porsche Design P9982, List of BlackBerry products , BlackBerry , Indicatifs régionaux 819 et 873 , Automation , Kira Kazantsev , Vince Vaughn , Talk:Spawn (comics) , Talk:Great power/History , Dionne quintuplets , Nicole Scherzinger , Phillips Exeter Academy , Armageddon (1998 film) , Aéroport d'Iqaluit , Talk:Walt Disney World Railroad , Cube Entertainment , Hanna–Barbera Classics Collection , Talk:Iron Mountain Incorporated , Talk:Same-sex marriage in the United States , Talk:The Green EP (Bibio EP) , Bishop Carroll High School (Calgary Alberta) , Springhill Institution , Talk:River Canard Ontario , GURPS , The Untouchables (film) , Quebec French profanity , Talk:Scam City , La Salle Secondary School , Talk:Standards Council of Canada , Talk:Star Citizen , Emeritus , Shrug , List of law enforcement agencies in Canada , Amanda Lang , Royal Jordanian , Discussion:Route 138 (Québec) , Crime in Venezuela , Talk:Falange , Talk:Arlington Texas , User talk:Padraic , The Girls in the Office , Authorization to Transport , 2015 Canadian Junior Curling Championships , Jeff Petry , Earl Armstrong Arena , 2015 Tim Hortons Brier , Lawrence A. Mysak , World Pond Hockey Championships , Special Investigations Unit , Matt Kirk , Athlete Assistance Program , Équipe du Sénégal de football , Steve Vigneault , Hao Haidong , John Slaney , Canada Olympic Park bobsleigh luge  and skeleton tr , 2015 Canadian Junior Curling Championships – Women's , 1979 South American U-20 Championship , Rod Smith (sportscaster) , Campeonato Sudamericano Sub-20 de 1979 , List of killings by law enforcement officers in Cana , James Naismith , 2014 Spengler Cup , Stanley Cup playoffs , National Hockey League , Dorchester Penitentiary , Never Say Never , Kunal Nayyar , Wendy Son , Gatineau , Family Ties , List of Freedom of the City recipients (military) , Abbotsford Centre , Torcida Split , Charlotte (wrestler) , David Krejčí , 2014 ATP World Tour Finals – Singles , Frank Clair , HMS Fury (1814) , Loopy De Loop , Cairine Wilson Secondary School , Jerry Agar , New England Black Wolves , List of Indianapolis Colts starting quarterbacks , HeroQuest , Dave Babych , David Foucault , Chicago Cubs , War and Peace , P'ent'ay , Dallas (2012 TV series) , Social isolation , Regimental nicknames of the Canadian Forces , Canada national rugby union team , Darin Erstad , Junior Ah You , Isa Boletini , NHL Heritage Classic , 2002 Air Canada Cup , Gordon Van Tol , Inside-the-park home run , Geneva Illinois , Newfoundland English , Ghislain , Table tennis at the 2014 Asian Games – Men's singles , Oakville North—Burlington , Maritime University Field Lacrosse League , Cameroon national football team , Simone Zaza , Post Scriptum (formație) , Halifax Nova Scotia , Lost Girl , Kubb , Randy Johnson , Las Vegas Posse , St. Peter Catholic High School , Winnipeg Blue Bombers , 1980 FA Cup Final , Blown Away (1994 film) , Early Edition , Iron Chef , Nova Scotia Senior Baseball League , Eight Is Enough , 1946 Stanley Cup Finals , John Barbour (actor) , Major League Baseball All-Century Team , Kaleb Simmonds , Ottawa West—Nepean , Rival Sons , Titanfall , Grizzly Man , List of Glee episodes , List of Koei Tecmo games , Special:Log/eparticle , Madagascar , Halifax (Nouvelle-Écosse) , HMS Birkenhead (1845) , Parc de la Gatineau , 2015 in South Korean music , List of bears , Alexis Nakota Sioux First Nation , University of Ottawa Faculty of Law , Vaccinium vitis-idaea , Wikipedia:Tutorial/Editing/sandbox , Q19323444 , Q4960350 , Q5513012 , Q2819039 , The Small One , Wagyu , Nicolas Leblanc , Tropical and subtropical dry broadleaf forests , Modus tollens , Q910548 , Russell Ontario , William Lyon Mackenzie Collegiate Institute , Saint Lucia , Pox party , Sun News Network , A. Lorne Campbell , Griffintown , Arthur Rimbaud , Bennett  British Columbia , Moon landing , Algue , NIST RBAC model , Armée impériale japonaise , Canada House , KLM , Yabba-Dabba-Doo! The Happy World of Hanna-Barbera , Lynne Griffin , Gorski kotar , Charlevoix Railway , Homeopathic dilutions , Gene Kelly , Dalida , If I Had $1000000 , Salmonella bongori , Milton Friedman , Wikipedia:Tutorial/Formatting/sandbox , Grippe , Property Brothers , List of foreign recipients of the Légion d'Honne , Workplace Hazardous Materials Information System , Type 97 Chi-Ha , Grand Haven Michigan , Raymond Heard , Technoself , Ivan Stojmenović , The Beatles (album) , Fitzroy Harbour Ontario , Sgt. Pepper's Lonely Hearts Club Band , Zellers , Війна на сході України , Wikipedia:Articles for creation/Redirects , Preso de conciencia , Westmorland County New Brunswick , Central sleep apnea , 80 (nombre) , Type 95 Ha-Go , Bataille d'Okinawa, Escitalopram , Ralph A. Lewin , Denial , Pseudo-nitzschia , Amoeba Culture , Crombie REIT , Light crude oil , Thermomètre , Mitchell Kutney , Beryl McBurnie , Moldova State University , Point Pelee National Park , List of Molson Coors brands , Closed system , River Canard Ontario , Q6725965 , List of waterfalls by type , Eastern wolf , Volkswagen Passat , Sociology , Tautogolabrus adspersus , Draft:Canadian Clinical Trials Asset Map , English Springer Spaniel , Subjectivism , Fresh Off the Boat , Anemia , Trichuriasis , Blended whiskey , Draft:Veterans Land Act , Maroon 5 , Saladin , Stormont Dundas and Glengarry United Counties munic , Wilgeforte , Robin S. Sharma , Existence of God , 西灣國殤紀念墳場 , File:Richacha on drums.jpg , Guangzhou University , Pattie Mallette , Frank Sinatra Jr. , Moe Hurwitz , Book of Revelation , Saint-Vincent-de-Paul (Gironda) , Tala' al Badru 'Alayna, Khalid ibn al-Walid , Faith Chepngetich Kipyegon , Gibraltar , Place d'Orléans , Callander Ontario , The Last Starfighter , Wagon Wheels , List of supermarket chains in Canada , Canada Goose (clothing) , Kiryas Tosh , List of municipalities in Manitoba , Mahdah , Canada Science and Technology Museum , Hanuabada , Johnny Wander , Metalcore , Dolci dei morti , Velours , Shirt Tales , Azov Battalion , Rupert's Land , International availability of Fanta , List of systemically important banks , National Pearl Harbor Remembrance Day , ISIL takeover of Derna , Lake Chad , White Rock British Columbia , Elisha Cuthbert , Parcs Canada , Parks Canada , Passage du Nord-Ouest , Geography of San Marino , Dalton Armoury , Geography of Macau , Wok with Yan , The House of the Devil , Elegantly Wasted (song) , Portal:Current events/2014 August 26 , Gracias Por La Música (album) , Weather records in Windsor Ontario , Alpha Flight , Uriah Heep discography , Vs. System , Richacha Balengola , Inmigración británica en Argentina , Zangger Committee , Port-Gentil , Maclaren Cemetery , Jamsil Station , K-pop Star 3 , Paul Jeffrey , CCGS Hudson , Chelsea Quebec , Canadian Nuclear Safety Commission , Nuclear Regulatory Commission , Allison Macfarlane , Transport Canada , Lexicon , Old Man Winter , Alpine Canada , Assad Kotaite , 28e conseil des ministres du Canada , Acte de Québec , Godzilla (animated series) , The Brockville Rifles , The Super Globetrotters , Gabriel Cusson , Alberto Fujimori , Mott the Hoople , Bataille de Malaisie , The Green EP (Bibio EP) , List of tallest buildings in Ottawa–Gatineau , William Reid , Bataille de Singapour , Michael Wayne McGray , News satire , Ryse: Son of Rome , Michel Guimond , Crytek , Military Police Complaints Commission , McTaggart , Anna Chapman , List of American and Canadian cities by number of ma , Ewa Mółr , Celebratory gunfire , Armoiries de l'Alberta , Ed Fast , Charitable organizations (Canada) , Minister of Veterans Affairs , Erin O'Toole , Enlargement of the European Union , Bureau de la sécurité des transports , Transportation Safety Board of Canada , Fugget About It , Ottawa Rapid Transit , St. Catharines , Challenge of the GoBots , Pierre Trudeau , Petroleum industry in Russia , Cetshwayo kaMpande , Cho PD , Human rights in Singapore , Jim Judd , Comprehensive Economic and Trade Agreement , Forum for International Trade Training , Stardom Entertainment , Вальдемар IV Аттердаг , Arab Canadians , Alan Gilbert (conductor) , National Office of WHMIS , Canada Revenue Agency , Stefie Shock , Huron Tract , The Facts of Life Reunion , Counter-recruitment , Grande paix de Montréal , Hanna-Barbera , Barry Pepper , Hanna-Barbera Classics Collection , Kissing traditions , Free trade agreements of Canada , Deepak Chopra (Canada Post) , Andrée Boucher (comédienne) , Stanley Ellin , Fred Flintstone and Friends , Punjabi people , I Mother Earth , List of Middle Eastern superheroes , Franco-Ontariens , List of people from Northern Ireland , Standards Council of Canada , Serjeant-at-Arms , List of Homestar Runner characters , Mohsén Rezaí , Consejo de Guardianes , List of armouries in Canada , Greater Winnipeg Water District aqueduct , The Fort Garry Horse , Receiver of Wreck , Ottawa municipal election  2014 , Embassy of Chad in Washington D.C. , List of comparative military ranks , Blowing Smoke (Mad Men) , List of First Nations governments , Federal districts of Russia , Graydon Nicholas , Maman (sculpture) , Scooby-Doo , JYP Entertainment , Glass Swords , List of English Academy Award nominees and winners , Scary Scooby Funnies , G.Soul , List of diplomatic missions of Canada , Canadian Forces Northern Area Headquarters Yellowkni , Embassy of Canada Washington D.C. , Ocean sunfish , Land reclamation in Monaco , The Scooby and Scrappy-Doo Puppy Hour, Restaurant Brands International , Battle of the Sambre (1918) , Métis people (Canada) , Marcel Masse , Place du Portage "
Natural Resources Canada ,"Ottawa , Ancaster Ontario , CBM-CFS3 , Suzanne Todd , User talk:Nmcke , Battle of the Allia , Carpenter Gothic , Harmonic oscillator , Objet (informatique) , Edmundston , User talk:Meters , Nerium , Bytown and Prescott Railway , Stittsville Ontario , Talk:Dumas Brothel , Toluene , West Edmonton Mall , Talk:Lays of Ancient Rome , Clarence-Rockland , Richard Conn , Talk:Mrs Vandebilt , Xylitol , It Hurts Me Too , Jian Ghomeshi alleged sexual abuse scandal , Resolute Nunavut , Ted Nugent , John Fields (record producer) , 2015 Indy Lights season , 2015 Pro Mazda Championship season , British Columbia , République dominicaine "
Library and Archives Canada ,"List of Web archiving initiatives , Base des Forces canadiennes Valcartier , Frank McGill , Robert Giguère , Louis-Joseph Papineau , Alexandra Feodorovna (Alix of Hesse) , List of current Parliamentary Secretaries of Ca , Scotch Road , Bull shark , Sodom and Gomorrah , List of snipers , Centre Block , Maria of Portugal Duchess of Viseu , Serjeant-at-Arms "
Industry Canada ,"Trapped in the Closet , Securities research , Brick (film) , Allan Rock , Zagazig , Rolltop desk , The Ten O'Clock People , List of Carleton University people , Marie-Madeleine Lachenais , Bert Fegg's Nasty Book for Boys and Girls , Conurbation , C. D. Howe Building , Section 1782 Discovery , SS Montevideo Maru , Richard Dawkins , Minister of Agriculture (Canada) , Economy of Ontario , Canadian Policy Research Networks , Carthage Missouri , Randy Burridge , Kendall Waston , Pacific Palisades Los Angeles , Investors Group Field , Cinderella (sports) , Ron Francis , UCI Road World Championships , Rocky Saganiuk , Star Wars Kid , Splendor in the Grass , The Debaters , Itzchak Tarkay , Hampton Park Ottawa , Canada's Technology Triangle , Small and medium-sized enterprises , Solidarity Forever , Talk:Far side of the Moon , List of people from Dieppe New Brunswick "
Government of Canada ,"Yabba-Dabba-Doo! The Happy World of Hanna-Barbera , The Scooby and Scrappy-Doo Puppy Hour, Scary Scooby Funnies , Scooby-Doo , Fred Flintstone and Friends , Opposites Attract (1990 film) , The Girls in the Office , Godzilla (animated series) , The Super Globetrotters , Shirt Tales , Dallas (2012 TV series) , Hanna–Barbera Classics Collection , International Federation of American Football , IFAF World Championship , The Small One , Loopy De Loop , Gracias Por La Música (album) , Challenge of the GoBots , The Facts of Life Reunion , Gene Kelly , Fleetwood Mac , The Pebbles and Bamm-Bamm Show , The Flintstone Comedy Hour , Hanna-Barbera , Hanna-Barbera Classics Collection "
Finance Canada ,"List of Homestar Runner characters , Campeonato Sudamericano Sub-20 de 1979 , 1979 South American U-20 Championship , The Untouchables (film) , War and Peace , Halifax (Nouvelle-Écosse) , Parc de la Gatineau , Ocean sunfish , Steve Vigneault , HMS Birkenhead (1845) , Lost Girl , Draft:Veterans Land Act , Junior Ah You , Elegantly Wasted (song) , Stanley Cup playoffs , Stanley Ellin , Existence of God , Volkswagen Passat "
Federal Court of Canada ,Maritime University Field Lacrosse League 
Statistics Canada ,"List of breweries in Quebec , Sitar , Kristine Kathryn Rusch , Riverside South Ottawa , Transportation in North America , List of Ottawa churches , Nonlinear autoregressive exogenous model , Autoregressive conditional heteroskedasticity , Multivariate adaptive regression splines , Multilinear principal component analysis , Atlanta Falcons , Chris Beal "
Department of Justice Canada ,"Émile Durkheim , Gordon Thiessen , V.O.S (band) , Damon and Pythias , Rôle du spectateur dans l'art , Léo Bonneville , Flying car (aircraft) , Grenoble Institute of Political Studies , Croton-on-Hudson New York , Rotten and pocket boroughs , Ferguson Missouri , List of The Stand characters , Guy Marcoux , List of breweries in Quebec , Liste de microbrasseries québécoises , The Current (radio program) , Governor General's Foot Guards , Thomas J. Lawson , SDSS J0100+2802 "
Department of Fisheries and Oceans ,"Charlevoix Railway , Serjeant-at-Arms , Minor third , Huron Tract , Sailing ballast , River Canard Ontario , Shadow price , Tautogolabrus adspersus , Elizabeth J. Duncan , Halifax Nova Scotia , Talk:The Green EP (Bibio EP) , Talk:River Canard Ontario , Algue , The Green EP (Bibio EP) , Discussion:Route 138 (Québec) "
Correctional Services Canada ,Bansi Lal 
Canadian Space Agency ,"Hanumass , NanoRacks CubeSat Deployer , Talk:Hanumass , Liste d'escadron de cadets de l'aviation royal du Canada"
Canadian Museum of Civilization ,"Tabagie (feast) , Bobby Shmurda , Feminist art movement , Report on the Affairs of British North Amer "
Canadian House of Commons ,"Talk:Corneliu Chisu , Suhana Meharchand , How Few Remain , CFS Leitrim , Voluntary Aid Detachment , Canadian Interuniversity Sport football , Canadian Football League , John Sullivan (Canadian football) , Grace Dieu (ship) , Zwolle , Eddie Edgar , Canadian Museum of History , August Schellenberg , Union Station (Toronto) , Nepean Point , Clarington , Panda Game (Ottawa vs. Carleton) , Ottawa Redblacks , Ottawa Renegades , Duncan McNab McEachran , Talk:State of Palestine , Saint Boniface—Saint Vital , Lise St-Denis , National Patriots' Day , Gatineau , Talk:Shelly Glover , Secret Nation , Peter Mansbridge , Beauharnois (ville) , Friday , Shelly Glover , Dean Del Mastro , User talk:192.197.82.203 , Pierre-Hugues Boisvenu , Johann Hari , New Democratic Party (Canada) leadership election , Bean , Small Dead Animals , Constitutional debate in Canada , Robert Goguen , Honey Nut Cheerios , Poutine , House of Commons of Canada , Thomas Mulcair , Fin Donnelly , Claude Carignan , Maurice Vellacott , Jamie Nicholls , Blake Richards , Brian Jean , Irwin Cotler , Thanh Hai Ngo , List of Manitoba senators , Progressive Conservative Party of Ontario leaders , Dave Van Kesteren , Yvon Godin , Ted Opitz , Economic Club of Canada , Mathieu Ravignat , Marjolaine Boutin-Sweet , Niki Ashton , Isabelle Morin , Jean-François Larose , Patrick Brown (politician) , Costas Menegakis , Manon Perreault , Nova Scotia general election 2013 , José Nunez-Melo , Tony Clement , Kyle Seeback , Art Eggleton , Gérard Asselin , Forces et Démocratie , Canadian Parliamentary Cats , Dominic LeBlanc , Alex Cullen , Gord Brown , David Smith (Canadian senator) , Jewish surname , Draft:Ihor Walter Bardyn , Céline Hervieux-Payette , Judy Sgro , Larry Miller (Canadian politician) , Timeline of the Euromaidan , Stephen I of Hungary , Party Whip (Canada) , Ottawa Macdonald–Cartier International Airport , David Anderson (Saskatchewan politician) , Janis Johnson , David Xiao , Dean Allison , Histoire des droits des homosexuels au Canada , Nicole Eaton , John Williamson (Canadian politician) , Eve Adams "
Canadian Department of National Defence ,"User talk:Philg88 , Indian Act , Mass surveillance in the United Sta , Peel Region municipal elections 20 , Dick Pound , Incorporation of Tibet into the Peo , Benoît XVI , 2010 G-20 Toronto summit , Gun politics in Canada , Vehicle registration plates of Cana , Forecastle , List of accidents and incidents inv , Vacuum , Oligarchy , Alison Redford , Suicide of Rehtaeh Parsons , North Korea and weapons of mass des , Koppány , Portail:Apple/Matériel , William Booth , Danny Dorosh , Afzal Upal , Watt , 6th BRICS summit , Polar Satellite Launch Vehicle , Capteur à effet Hall , Cinnabar , Pierre-Simon Laplace , Dmanisi skull , René Lévesque , Peel Regional Police , Durham Regional Police Service , Ontario Provincial Police , Charny (Lévis) , Tahsis , Bay Roberts , Arcade Building (Toronto) , The Minimal Counterintuitiveness Ef , Context-based model of minimal coun , Pontiac Quebec , Poland Maine , Continent , Upal , Hypercapnia , Trauma center , Tehrik-i-Taliban Pakistan , North Preston , Dartmouth Nova Scotia , Cayuga Ontario , Lake Egmont Nova Scotia , Spina bifida , Fraser Forster , Amherst Nova Scotia , Vernon Ontario , Saint John New Brunswick , Stirling-Rawdon , History of Dartmouth Nova Scotia , Cumberland Panthers , 2014–15 Football League Cup , ATP World Tour records , Trans-Taiga Road , Conor McGregor , List of people from London Ontario , Sémites , Colt Canada C7 rifle , 429 Transport Squadron , 15th Field Artillery Regiment (Cana , M203 grenade launcher , 65th Infantry Regiment (United Stat , HMCS Algonquin (DDG 283) , LAPV Enok , C79 optical sight , Combatant , Royal Military College of Canada , Orca-class patrol vessel , Queen's Regulations and Orders for  , The Grey and Simcoe Foresters , Operation Varsity , HMCS Carleton , Joint Force Training Centre , Le Régiment de Hull (RCAC) , Royal Canadian Horse Artillery , Canadian Armed Forces , HMCS St. John's (FFH 340) , Maroon beret , German submarine U-536 , Harold Pringle , HMCS Calgary , 1st Canadian Armoured Brigade , Sherbrooke Hussars , Boeing C-17 Globemaster III , Structure of the Canadian Army , SIG Sauer P220 , 5th Canadian Division , HMCS Annapolis (DDH 265) , List of armouries in Canada , SS Arlington , British Pacific Fleet , Canadian Forces ranks and insignia , Chengdu J-10 , United States Holocaust Memorial Mu , The North Nova Scotia Highlanders , Master warrant officer , Chief warrant officer , 3rd Canadian Division , Land Force Central Area Training Ce , The Princess Louise Fusiliers , Royal Canadian Air Cadets , Royal Winnipeg Rifles , Harry W. Brown , Paul Pierce , Bill Barilko , Defence Research and Development Ca , Cadet Instructors Cadre , Centurion (char) , HMCS Montcalm , Equerry , NCSM St. John's (FFH 340) , HMCS Fredericton (FFH 337) , NATO Research and Technology Organi , Carolingian dynasty , South Alberta Light Horse , McDonnell Douglas CF-18 Hornet , Paul Triquet , The Brockville Rifles , The North Saskatchewan Regiment , The British Columbia Regiment (Duke , List of comparative military ranks , Canadian Army , HMCS Protecteur (AOR 509) , HMCS Preserver (AOR 510) , List of First World War Victoria Cr , 4 Engineer Support Regiment , 21 Electronic Warfare Regiment , Lieutenant (Canada) , HMCS Iroquois (DDG 280) , Sacrifice Medal , Royal Canadian Navy , Otto Carius , Battle of Panjwaii , List of units of the Canadian Army , Mistral-class amphibious assault sh , 435 Transport and Rescue Squadron , CFS Alert , List of historical ships in British , Lord Strathcona's Horse (Royal  , Captain (Canadian army and air forc , Captain (armed forces) , Ukrainian Ground Forces , Canadian Forces Military Police , List of Canadian military operation , HMCS Charlottetown (FFH 339) , Jeremy Hansen , List of modern Canadian Army equipm , Operation Medak Pocket , List of main battle tanks by countr , HMCS Prevost , The Argyll and Sutherland Highl , Mission Command , FNSS ACV-15 , The Windsor Regiment (RCAC) , HMCS Esquimalt (J272) , Naval Radio Section Aldergrove , Princess Patricia's Canadian Li , Canadian Military Engineers , 4th Canadian Division , 4th Canadian Division Support Group , The Voyageurs , Regional Cadet Support Unit (Eastern) , List of military special forces units , Voice of Fire , Bens De Luxe Delicatessen, UFC 182 , Wikipedia:Articles for deletio , Salem's Lot (1979 miniseries) , The 39 Steps (play) , Patrick Barlow , John Kricfalusi , Madeline Merlo , The Curse of Oak Island , Sister Wives , List of companies named after peopl , Commons:Featured picture candi , Winnipeg James Armstrong Richardson , Saint Helena Airport , Championnat du monde de roller in l , Potluck , Aeroporto da Portela , Exodus: Gods and Kings , 2014 shootings at Parliament Hill  , Talk:Gruppo Bertone , Avicopter AC313 , Joel de la Fuente , Kiesza , Assassin's Creed Rogue , List of strong chess tournaments , Plan 9 from Outer Space , Seconds From Disaster , Subaru Impreza , Fallout (series) , Goodbyeee , Honda CR-X del Sol , Châteauesque , Ramones , AC/DC , Talk:Northwest Passage , Talk:Goodbyeee , Pink Floyd – The Wall , David Collier (cartoonist) , Talk:Eye movement desensitization a , Talk:Charlie Hebdo shooting , Talk:United States diplomatic cable , Scooby-Doo , Yvon Pedneault , Talk:Indian Act , Tallinn Manual , Babu (title) , Postdiction , Rector (surname) , RemoteView , 宣道會陳元喜小學 , File:Nur fur deutsche.jpg , Osgoode Township High School , Belmont Secondary School , Borden Grammar School , Aldershot School , Centennial Secondary School (Bellev , List of schools of the Cons , Draft:6 Intelligence Company , Vovin , Castor , Michael Hopkins , Redan (disambiguation) "
Environment Canada ,"Enneigement , Portail:Météorologie/4 , Portail:Géographie/Nouvelles , Portail:Suisse/Tableau principal/Lumière sur/1 2012 , Portail:Météorologie/7 , Portail:Géodésie et géophysique/Articles , Portail:Géographie de la Suisse/Lumière sur.../1 , Portail:Suisse/Tableau principal/Lumière sur/51 2009 , Portail:Ville de Québec/Lumière sur/Archives , Kawasaki Heavy Industries , File:Bejisa Jan 1 2014 0630Z.jpg , File:Bejisa Dec 31 2013 1010Z.jpg , History of flooding in Canada , Portail:Information géographique/Lumière et actualités , Portail:Suisse/Tableau principal/Lumière sur/51 2010 , Utilisateur:AntonyB/Per27 , Portail:Suisse/Tableau principal/Lumière sur/1 2013 , Portail:Suisse/Tableau principal/Lumière sur/1 2014 , Portail:Eau/Index thématique , Portail:Géographie/Principal , Manteau neigeux , Manteau nival , Utilisateur:Bopnrgi/testcevenol , Couverture de neige , Projet:Géographie/Évaluation/Index/1 , Projet:Géographie/Évaluation/Articles sélectionnés , Projet:Wikipédia 1.0/Version 0.5/propositions/janvier 20 , Projet:Wikipédia 1.0/Version 0.5/Archive , Projet:Géographie/Pages populaires , Projet:Wikipédia 1.0/Version 0.5/Mathématiques sciences , Canadian Wildlife Service , Utilisateur:Oussama zrafi/Brouillon , Utilisateur:Maztaw/Brouillon , Taoism , Trigonométrie sphérique , Utilisateur:Alainr345/Bac à sable/Nouvelles/Lumière et a , 1973 Saint John River Flood , Wikipédia:Lumière sur/Pluviomètre , File:Bejisa Dec 30 2013 0640Z.jpg , Chen Shu , File:Courant-Jet 2.png , SMHI , GRIB , Yarmouth Airport , Q13297392 , Q8858140 , Utilisateur:Peha/Bac à sable3 , Canadian Red Cross , Douglas Jung , Utilisateur:Sydo78/Brouillon , Utilisatrice:Zorrosk/Livres/Cagnoscenza , Utilisateur:Triliar/Livres/Meteorologie , Utilisateur:Tatmouss/Bac à sable , File:Weather table for the year 1777 France Wellcome L0 , Wikipedia:The Wikipedia Library/Research desk , Utilisateur:Khan Tengri/sandbox , Utilisateur:Feldo/Brouillon Portail de l'Afrique , Institut suédois de météorologie et d'hydrologie , Wendy Son , Cyclone Hudhud , File:Weather table for the year 1776 France Wellcome L0 , King City weather radar station , File:Weather table for the month of August 1776 France , Gabriel Landry , Valeant Pharmaceuticals , Service météorologique du Canada , Forêt humide , Wikipédia:Lumière sur/Hydrologie de la Suisse , Glossaire de la météorologie , Crue de projet , Crue nominale , Crue type , Pileus (meteorology) , Tour convective , Antenne radioélectrique , Air pollution , Polemonium vanbruntiae , Service de police de Toronto , Service de police de la Ville de Québec , Service de police de Hamilton , Police municipale (Canada) , Service de police de la ville de Montréal , Q5175704 , File:Weather table for month of December 1777  France W , File:Tree of Wisdom Wellcome L0017329.jpg , Coeur du courant-jet , Jet streak , Instability , Instabilité , Instabilité électrothermique , Virginia Peak (Nevada) , Monts Huang , Agnières-en-Dévoluy , File:SMHI Observatoriekullen 2011.jpg , Digitation visqueuse , Instabilité de Faraday , Instabilité de Kelvin-Helmholtz , Wikipédia:Oracle/semaine 47 2006 , Instabilité de Plateau-Rayleigh , Instabilité de Rayleigh-Taylor , Instabilité de Richtmyer-Meshkov , Instabilité de Taylor-Couette , Instabilité gravitaire , Instabilité gravitationnelle , Tawa Edmonton , Instabilité géométrique , Robert Simpson (météorologue) , Robert Simpson , Waterloo Ontario , Q6712086 , Ontario Highway 403 , Nuage , File:Smhiofficesnorrkoping.jpg , File:Фронтальный раздел около Томска.jpg , Rivière atmosphérique , Luna 5 , Climat des Hautes-Pyrénées , Grande inondation de 1862 , Nuage noctulescent , Pression de vapeur saturante de l'eau , Station model , Special:Log/gwtoolset , Leaside , Utilisateur:Adehertogh/bac à sable , Utilisateur:Guilhem/Brouillon/Géographie de l'Andalousie , Toronto FC , ATP World Tour Finals 2014 , 2014–15 Edmonton Oilers season , Jet Ski , Sport au Liban , Lady Ann Strait , Queen Maud Gulf Migratory Bird Sanctuary , Motomarine , Yellow Sea , Tatiana P. Grigorieva , Modèle:Infobox Événement météorologique/Documentation , Template:Winnipeg Jets roster , List of commemorative days , Discussion:Cyclone tropical/Bon article , Discussion:Pic Diamond , Discussion utilisateur:Pierre cb/test , Talk:Terephthalic acid , Zakk Wylde , File:Böenfront.jpg , Grand Line , Shion (Saint Seiya) , Talk:Instagram , File:Wind Rose.jpg , Talk:Sunlight , Discussion:Prisonniers de guerre allemands aux États-Uni , Utilisateur:Rayman3640/Bloc-notes/Afrique , Utilisateur:Psychoslave/prérequis/Exemple2 , Skat (yacht) , Utilisateur:Citronic/Livres/Meteorologie , Wikipédia:Le Bistro/28 avril 2012 , Wikipédia:Pages les plus liées/4 , Utilisateur:Le3eFrereBrunet/Livres/Météorologie Climat  , Category:Pied-de-vent , Category:Double Rainbow , Category:Perlucidus cloud varieties , Category:Cloud Atlas , Category:Fallstreak holes , Category:Iridescent clouds , Catégorie:Motocyclette Kawasaki , Catégorie:Kawasaki Heavy Industries , Catégorie:Précipitation , Utilisateur:Bogoris/Nuage , File:Tephigram-page-001.jpg , File:Stability tepfigram.png , Category:Swedish Meteorological and Hydrological Institu , File:Rain Shadow Effect caused by Orographic Lift.png , File:Pastweather.gif , File:Pressuretrend.gif , File:Skycover.gif , File:Wnętrze klatki meteorologicznej.JPG , File:Termohigrograf.JPG , File:Wiatromierz.JPG , File:Tornado Făcăeni 2.jpeg , File:Tornado Făcăeni 1.jpeg , File:Thunderstorm near Elko Nevada 4.JPG , File:Thunderstorm near Elko Nevada 3.JPG , File:Thunderstorm near Elko Nevada 2.JPG , File:Threatening Storm in Canyonlands NP.JPG , File:Snow Waves and Surfers - Lake Tahoe.JPG , File:Snow and Waves - Lake Tahoe.JPG , File:Rays of Sun - Canyonlands National Park.JPG , File:Rainbow over the Canyons.JPG , File:Overcast Monument Valley.JPG , File:Mount Rose Summit 4.JPG , File:Mount Rose Summit 3.JPG , File:Mount Rose Summit 2.JPG , File:Mount Rose Ski.JPG , File:Mount Rose Ski 3.JPG , File:Mount Rose Ski - Northwest Magnum 6.JPG , File:Mount Rose Ski 2.JPG , File:Mount Rose Ski - Blazing Zepyr Six.JPG , File:Mount Rose Highway.JPG , File:Mount Rose Highway 2.JPG , File:Monument Valley Cast in the Dust.JPG , File:Lightning over Elko Nevada.jpg , File:Lightning across the Elko Hills.jpg , File:LenticularCloud-Madeira 20150221©KarlheinzEssl.JPG , File:Lake Tahoe - Heavy Snow.JPG , File:La-moitie-des-phenomenes-meteorologiques-extremes-d , File:Klatka meteorologiczna 07.JPG , File:Klatka meteorologiczna 06.JPG , File:Klatka meteorologiczna 05.JPG , File:Klatka meteorologiczna 04.JPG , File:Klatka meteorologiczna 03.JPG , Utilisateur:The Shadow Knows/Travaux en cours/Œil (Cyclo , File:Klatka meteorologiczna 02.jpg , File:Klatka meteorologiczna 01.JPG , File:Dusty Monument Valley.JPG , File:Double Rainbow and Sunset in Canyonlands National P , File:Double Rainbow - Canyonlands NP.JPG , File:Cliff Walls at Canyon Lands National Park.JPG , File:Cloud to Ground Lightning in Canyonlands National P , File:Canyonlands National Park Sunset.JPG , File:Double Rainbow in Cologne (5421120929).jpg , File:Double Rainbow Beauty.jpg , File:Canyonlands National Park 2.JPG , File:Canyonlands National Park - Sunsets.JPG , File:Arches National Park - Double Arches 3.JPG , File:Arches National Park - Blue Sky.JPG , File:2015-02-01 snow storm in Medford MA.jpg , File:Ogwen River in spate after the storms that ended th , File:Vlatva River Prague (5661025505).jpg , File:Julian Alps Shots Summer 2004 (31).JPG , File:Fly00803 - Flickr - NOAA Photo Library.jpg , File:Ek och moln på sommaren på Gotland.jpg , File:Drahoňův Újezd domy u silnice.jpg , File:De Madrid al cielo 283.jpg , List of Fullmetal Alchemist characters , Modèle:Palette Services météorologiques nationaux , File:Cúmulus castellanus 2.jpg , File:De Madrid al cielo 279.jpg , File:Cúmulos castellanus.jpg , File:Classic Corn Dog SWA colors SJC dramatic lighti , File:2014-10-19 16 44 07 Cumulus clouds viewed from near , File:Ave du parc CUMULUS 1 NB.jpg , File:De Madrid al cielo 287.jpg , File:Cloud and Thunderstorm.jpg , File:Thunderstorm near Elko Nevada.JPG , File:Historic American Buildings Survey  Arnold Moses  P , File:Clouds Bonheiden Belgium jun 2014.jpg , File:Sisainen rajakerros.png , File:Cumulonimbus capillatus 4.jpg , File:Spissatus spi.jpg , File:PSM V39 D648 Various forms of hydrometers.jpg , File:Radar Aurora in Sochi.jpg , File:Air Asia QZ8501 Flight Path and Satellite Imagery.j , File:ELM-2238 STAR radar onboard INS Satpura (F48).png , File:ELM 2248 MF-STAR radar onboard INS Kolkata (D63) of , File:NOAA MTSAT Indonesia 12282014 0032z Cropped.jpg , File:PB142159 (3031204737).jpg , File:PB142150 (3031203889).jpg , File:Parco di Serravalle 9.jpg , File:Parting with the Skyline (2844995862).jpg , File:Mt Batur and Mt Abang 200507.jpg , File:Jd. Bonfiglioli Butantã - panoramio.jpg , File:Céu tempestuoso Vila Mariana - panoramio.jpg , File:Céu matinal Ipiranga - panoramio.jpg , File:Crepúsculo na alvorada Ipiranga. - panoramio.jpg , File:Bikers no. 43 Copyright Daniel D. Teoli Jr..jpg , File:Einzelbild Sonnenuntergang.jpg , File:WinterbergI.jpg , File:Chiro pipo 090.jpg , File:Bodental Schoschelz 2008 0824.JPG , File:Panorama Schlossmauer 1.jpg , File:Panorama Schlossmauer 2.jpg , File:Slovakia-Trencin stormy day.jpg , File:Clouds-dusk-thunderstorm-near.jpg , File:CLOUDS-12.jpg , Le Triomphe de la volonté , Solatorobo: Red the Hunter , File:Cielo Nublado.jpg , File:海中暴雨.JPG , File:Jytimtraffic - 10.jpeg , File:Glen Strathfarrar - Flickr - Graham Grinner Lewis.j , File:Flickr - ronsaunders47 - Is it a kangaroo or is it , File:Evening.jpg , File:Dunkle Wolkenformation 2008-06-20.jpg , File:Large Stratocumulus.JPG , File:Above the Clouds.jpg , File:Ac perlucidus.JPG , File:Altocumulus stratiformis am Morgen.jpg , File:Set3 Fir0002 stiched cloned.jpg , File:Matčina hora a křivoklátsko.jpg , File:Flickr - Nicholas T - Enclosure.jpg , File:My bliss.jpg , File:My Bliss edited.jpg , File:Morning clouds7.JPG , File:Mount Rose 1 (3147011822).jpg , File:Mount Ngauruhoe (6371802057).jpg , File:Clouds florence 11.jpg , File:Clouds after cold front.jpg , File:Clouds 01.jpg , File:Cloud-tree-cycle.JPG , File:Clouds 301106.jpg , File:Bord-de-nuage.jpg , File:Moody Day (4265803035).jpg , File:Montañas al norte de Cúcuta .2.JPG , File:Moln Johannes Jansson (3).jpg , File:Moln Johannes Jansson (2).jpg , File:Monastery in montenegrin royal city Cetinje.jpg , File:Mlf-asa-06-sa1001503.jpg , File:Mlf-asa-06-sa1001502.jpg , File:Mlf-asa-06-sa1001501.jpg , File:Mama Clouds.jpg , File:Lanin nubes.jpg , Tempête Xaver , File:Lardosbeachcloud01.JPG , File:Late evening (2683342134).jpg , File:Late afternoon sunset (3947976925).jpg , File:Dreamy California Sky.jpg , File:Clouds22.jpg , File:Dramatismo natural (5922539403).jpg , Modèle:Palette Temps (météorologie) , File:Dugny. RGA (réserve générale d'aviation). Station c , File:Dugny. Météo. R. Berthelé. Théodolite - Fonds Berth , File:Nuages 6.jpg , File:Nuages 4.jpg , File:Nuages 3.jpg , File:Nuages 1.jpg , File:Nebe.jpg , File:Jar Raduni 6.jpg , File:Nuages 7.jpg , File:Gdansk chmura 1.jpg , File:Gone Driveabout 1 Incipient cloud street Indian O , File:Fallstreak hole over Moscow 04.ogg , File:Hi-in sky.JPG , File:Clouds (4203745902).jpg , File:Grainfield(byTaylorLeopold).jpg , File:Indonesia Cloud Towers.jpg , Modèle:AccueilArticleDeLaSemaine/30 2006 , Char M1 Abrams , File:Bejisa 31 december 2013 0004 utc trmm pr.jpg , File:Bejisa Jan 2 2014 1000Z.jpg , Category:Cyclone Bejisa "