category,article
wikipedia,"Wikipédia:Lumière sur/Pluviomètre , Wikipédia:Le Bistro/28 avril 2012 , Wikipédia:Pages les plus liées/4 , Wikipédia:Oracle/semaine 47 2006 , Wikipédia:Lumière sur/Hydrologie de la Suisse , Wikipedia:The Wikipedia Library/Research desk , Wikipedia:Articles for creation/Redirects , Wikipedia:Articles for deletio , Wikipedia:Tutorial/Formatting/sandbox , Wikipedia:Tutorial/Editing/sandbox "
aboriginal,"Métis people (Canada) , List of First Nations governments , Alexis Nakota Sioux First Nation "
terrorism,"2014 shootings at Parliament Hill  , 2014 shootings at Parliament Hill Ottawa , 2006 Ontario terrorism plot "
template,"Template:JYP Entertainment , Template:Action Bronson , Template:Winnipeg Jets roster , Modèle:Infobox Événement météorologique/Documentation , Modèle:AccueilArticleDeLaSemaine/30 2006 , Template:New England Black Wolves roster , Modèle:Palette Temps (météorologie) , Tempête Xaver , Modèle:Palette Services météorologiques nationaux , Template:WA Entertainment , Modélisation de processus , Modèle:Alignement Rouge et Noir d'Ottawa "
technology,"List of Web archiving initiatives , Quantitative computed tomography , Objet (informatique) , Vacuum , Software framework , List of metro systems , List of accidents and incidents inv , Carlisle Adams , Expert system , Victoria (3D figure) , Poser , Rolltop desk , ISO 8601 , Automation , IBM Hardware Management Console , Forecastle , Skat (yacht) , Sailing ballast , SIRIUS Travel Link , Indicatifs régionaux 819 et 873 , Wingsuit flying , WhatsApp , Area codes 902 and 782 , RemoteView , Animoto , Tallinn Manual , BlackBerry Porsche Design P9982, List of BlackBerry products , BlackBerry "
talk,"Talk:Corneliu Chisu , Talk:Eye movement desensitization a , Talk:Instagram , Talk:Spawn (comics) , Talk:Dumas Brothel , Talk:Great power/History , Talk:Indian Act , Talk:United States diplomatic cable , Talk:Walt Disney World Railroad , Talk:Lays of Ancient Rome , Talk:Charlie Hebdo shooting , Talk:Hanumass , Talk:Sunlight , Talk:Iron Mountain Incorporated , Talk:Same-sex marriage in the United States , Talk:Terephthalic acid , Talk:The Green EP (Bibio EP) , Talk:Goodbyeee , Talk:River Canard Ontario , Discussion utilisateur:Pierre cb/test , Discussion:Pic Diamond , Discussion:Cyclone tropical/Bon article , Talk:Scam City , Talk:Standards Council of Canada , Talk:Star Citizen , Talk:Far side of the Moon , Talk:Shelly Glover , Talk:Northwest Passage , Talk:Gruppo Bertone , Discussion:Route 138 (Québec) , Talk:Falange , Talk:Arlington Texas , Talk:State of Palestine , Discussion:Prisonniers de guerre allemands aux États-Uni , Talk:Mrs Vandebilt "
sports,"2014 ATP World Tour Finals – Singles , Jeff Petry , Earl Armstrong Arena , 2015 Tim Hortons Brier , Tatiana P. Grigorieva , World Pond Hockey Championships , Championnat du monde de roller in l , Matt Kirk , Athlete Assistance Program , Équipe du Sénégal de football , Steve Vigneault , Hao Haidong , Canadian Football League , Canadian Interuniversity Sport football , John Slaney , Canada Olympic Park bobsleigh luge  and skeleton tr , 2015 Canadian Junior Curling Championships – Women's , 1979 South American U-20 Championship , Rod Smith (sportscaster) , Campeonato Sudamericano Sub-20 de 1979 , UFC 182 , James Naismith , 2014 Spengler Cup , Stanley Cup playoffs , 2015 Pro Mazda Championship season , National Hockey League , The Voyageurs , Jet Ski , Motomarine , Sport au Liban , Abbotsford Centre , ATP World Tour records , 2014–15 Edmonton Oilers season , Torcida Split , Charlotte (wrestler) , John Sullivan (Canadian football) , David Krejčí , 2015 Canadian Junior Curling Championships , Frank Clair , ATP World Tour Finals 2014 , 2015 Indy Lights season , Randy Burridge , Bill Barilko , New England Black Wolves , List of Indianapolis Colts starting quarterbacks , Dave Babych , David Foucault , Chicago Cubs , Paul Pierce , Kendall Waston , Conor McGregor , Canada national rugby union team , Darin Erstad , Junior Ah You , Toronto FC , NHL Heritage Classic , 2002 Air Canada Cup , Gordon Van Tol , Investors Group Field , Inside-the-park home run , Cinderella (sports) , Ron Francis , Table tennis at the 2014 Asian Games – Men's singles , Bullet Joe Simpson , UCI Road World Championships , Maritime University Field Lacrosse League , Cameroon national football team , Eddie Edgar , Simone Zaza , Chris Beal , 2014–15 Football League Cup , Kubb , Randy Johnson , Las Vegas Posse , Cumberland Panthers , Winnipeg Blue Bombers , 1980 FA Cup Final , Nova Scotia Senior Baseball League , Fraser Forster , 1946 Stanley Cup Finals , Panda Game (Ottawa vs. Carleton) , Major League Baseball All-Century Team , Rocky Saganiuk , Atlanta Falcons , Richard Conn , Ottawa Redblacks , Ottawa Renegades , International Federation of American Football , IFAF World Championship "
special,"Special:Log/gwtoolset , Special:Log/eparticle "
science ,Toluene 
science,"Station model , Pression de vapeur saturante de l'eau , Nuage noctulescent , Grande inondation de 1862 , SDSS J0100+2802 , List of bears , Climat des Hautes-Pyrénées , Luna 5 , Rivière atmosphérique , Vaccinium vitis-idaea , Q19323444 , Rotten and pocket boroughs , Q4960350 , Duncan McNab McEachran , Q5513012 , Q2819039 , Spina bifida , Wagyu , Nicolas Leblanc , Nerium , Tropical and subtropical dry broadleaf forests , Modus tollens , Q910548 , Context-based model of minimal coun , Nuage , Glossaire de la météorologie , Shadow price , Afzal Upal , Pox party , Q6712086 , Robert Simpson , Robert Simpson (météorologue) , Instabilité géométrique , Instabilité gravitationnelle , Instabilité gravitaire , Instabilité de Taylor-Couette , Instabilité de Richtmyer-Meshkov , Instabilité de Rayleigh-Taylor , Instabilité de Plateau-Rayleigh , Instabilité de Kelvin-Helmholtz , Instabilité de Faraday , Digitation visqueuse , Instabilité électrothermique , Instabilité , Instability , Trauma center , Jet streak , Coeur du courant-jet , Moon landing , Hypercapnia , Algue , NIST RBAC model , The Minimal Counterintuitiveness Ef , Dmanisi skull , Homeopathic dilutions , Pierre-Simon Laplace , Q5175704 , Cinnabar , Polemonium vanbruntiae , Salmonella bongori , Milton Friedman , Air pollution , Grippe , Securities research , Capteur à effet Hall , Polar Satellite Launch Vehicle , Workplace Hazardous Materials Information System , Tour convective , Pileus (meteorology) , Crue type , Crue nominale , Crue de projet , Ivan Stojmenović , Forêt humide , Valeant Pharmaceuticals , Xylitol , King City weather radar station , Cyclone Hudhud , Institut suédois de météorologie et d'hydrologie , Preso de conciencia , Multilinear principal component analysis , Central sleep apnea , 80 (nombre) , Multivariate adaptive regression splines , Autoregressive conditional heteroskedasticity , Nonlinear autoregressive exogenous model , Escitalopram , Ralph A. Lewin , Denial , Pseudo-nitzschia , Amoeba Culture , Crombie REIT , Light crude oil , Thermomètre , Q8858140 , Q13297392 , Samuel Andrews (chemist) , NanoRacks CubeSat Deployer , Harmonic oscillator , GRIB , Richard Dawkins , Closed system , Watt , Q6725965 , List of waterfalls by type , 1973 Saint John River Flood , Eastern wolf , Bean , Sociology , Tautogolabrus adspersus , English Springer Spaniel , Subjectivism , Coin flipping , Bull shark , Anemia , Trichuriasis , Trigonométrie sphérique "
religion,"Saladin , Sodom and Gomorrah , Wilgeforte , Ahmadiyya by country , William Booth , Existence of God , Taoism , List of Ottawa churches , Book of Revelation , Saint-Vincent-de-Paul (Gironda) , Tala' al Badru 'Alayna, Khalid ibn al-Walid , Faith Chepngetich Kipyegon "
project,"Projet:Wikipédia 1.0/Version 0.5/Archive , Projet:Géographie/Pages populaires , Projet:Wikipédia 1.0/Version 0.5/Mathématiques sciences , Projet:Wikipédia 1.0/Version 0.5/propositions/janvier 20 , Projet:Géographie/Évaluation/Articles sélectionnés , Projet:Géographie/Évaluation/Index/1 "
product,"Wagon Wheels , List of supermarket chains in Canada , Canada Goose (clothing) , Honey Nut Cheerios , Manteau neigeux , Couverture de neige , Enneigement , Manteau nival , Dolci dei morti , Velours , Shirt Tales , Poutine , List of systemically important banks , International availability of Fanta "
portal,"Portail:Géographie/Principal , Portail:Eau/Index thématique , Portail:Suisse/Tableau principal/Lumière sur/1 2014 , Portail:Suisse/Tableau principal/Lumière sur/1 2013 , Portail:Suisse/Tableau principal/Lumière sur/51 2010 , Portail:Information géographique/Lumière et actualités , Portail:Ville de Québec/Lumière sur/Archives , Portail:Suisse/Tableau principal/Lumière sur/51 2009 , Portail:Géographie de la Suisse/Lumière sur.../1 , Portail:Géodésie et géophysique/Articles , Portail:Météorologie/7 , Portail:Météorologie/4 , Portail:Géographie/Nouvelles , Portail:Suisse/Tableau principal/Lumière sur/1 2012 , Portail:Apple/Matériel , Portal:Current events/2014 August 26 "
poltics,"Thomas Mulcair , Weather records in Windsor Ontario , Maria of Portugal Duchess of Viseu "
politics,"Champlain Society , Canadian Parliamentary Cats , Fin Donnelly , Inmigración británica en Argentina , Zangger Committee , Claude Carignan , Maurice Vellacott , Jamie Nicholls , Blake Richards , Brian Jean , Canadian Policy Research Networks , Canadian Nuclear Safety Commission , Nuclear Regulatory Commission , Allison Macfarlane , Transport Canada , Irwin Cotler , The Walter and Duncan Gordon Foundation , Alpine Canada , Assad Kotaite , Section 1782 Discovery , 28e conseil des ministres du Canada , Acte de Québec , Indian Act , Progressive Conservative Party of Ontario leaders , Koppány , Alberto Fujimori , Yvon Godin , Ted Opitz , Economic Club of Canada , Suicide of Rehtaeh Parsons , Marjolaine Boutin-Sweet , Citizenship judge , Niki Ashton , Isabelle Morin , Michel Guimond , Patrick Brown (politician) , Anna Chapman , Oligarchy , Jean-François Larose , Manon Perreault , Nova Scotia general election 2013 , José Nunez-Melo , Marie-Madeleine Lachenais , Armoiries de l'Alberta , Ed Fast , Charitable organizations (Canada) , Minister of Veterans Affairs , Erin O'Toole , Enlargement of the European Union , Bureau de la sécurité des transports , Transportation Safety Board of Canada , Tony Clement , Kyle Seeback , Ottawa Rapid Transit , Art Eggleton , Gérard Asselin , Pierre Trudeau , Forces et Démocratie , Petroleum industry in Russia , Cetshwayo kaMpande , Report on the Affairs of British North Amer , Dominic LeBlanc , Human rights in Singapore , Jim Judd , Comprehensive Economic and Trade Agreement , Alex Cullen , Forum for International Trade Training , Gord Brown , Вальдемар IV Аттердаг , Arab Canadians , Canadian Wildlife Service , National Office of WHMIS , David Smith (Canadian senator) , Canada Revenue Agency , Dean Del Mastro , Minister of Agriculture (Canada) , Huron Tract , Grande paix de Montréal , Céline Hervieux-Payette , Alexandra Feodorovna (Alix of Hesse) , Allan Rock , Free trade agreements of Canada , Deepak Chopra (Canada Post) , Judy Sgro , Gordon Thiessen , Vehicle registration plates of Cana , Franco-Ontariens , Serjeant-at-Arms , Standards Council of Canada , Benoît XVI , SMHI , Incorporation of Tibet into the Peo , Janis Johnson , Solidarity Forever , David Xiao , Dean Allison , Mohsén Rezaí , Consejo de Guardianes , Dick Pound , Canadian Red Cross , Greater Winnipeg Water District aqueduct , Douglas Jung , Receiver of Wreck , Ottawa municipal election  2014 , Embassy of Chad in Washington D.C. , Robert Giguère , Nicole Eaton , John Williamson (Canadian politician) , Peel Region municipal elections 20 , Federal districts of Russia , Graydon Nicholas , Mass surveillance in the United Sta , Transportation in North America , René Lévesque , Eve Adams , List of diplomatic missions of Canada , Embassy of Canada Washington D.C. , Lise St-Denis , Land reclamation in Monaco , Histoire des droits des homosexuels au Canada , Bansi Lal , David Anderson (Saskatchewan politician) , Service météorologique du Canada , Marcel Masse , Shared services , 2010 G-20 Toronto summit , Gun politics in Canada , Party Whip (Canada) , Stephen I of Hungary , Timeline of the Euromaidan , Larry Miller (Canadian politician) , Costas Menegakis , Governor (United States) , Alison Redford , Royal Victorian Chain , Mathieu Ravignat , Ted Hsu , Thanh Hai Ngo , Louis-Joseph Papineau , Timeline of the far future , North Korea and weapons of mass des , Dave Van Kesteren , List of Manitoba senators , Falange , Commonwealth of Nations , Economy of Ontario , Robert Goguen , House of Commons of Canada , Constitutional debate in Canada , New Democratic Party (Canada) leadership election , List of current Parliamentary Secretaries of Ca , 6th BRICS summit , Pierre-Hugues Boisvenu , Shelly Glover "
police,"Service de police de Toronto , Service de police de la Ville de Québec , Service de police de Hamilton , Police municipale (Canada) , Service de police de la ville de Montréal , List of law enforcement agencies in Canada , Crime in Venezuela , Authorization to Transport , Peel Regional Police , Special Investigations Unit , List of killings by law enforcement officers in Cana , Dorchester Penitentiary , Durham Regional Police Service , Ontario Provincial Police "
places,Union Station (Toronto) 
place,"Ottawa , Chelsea Quebec , Charny (Lévis) , Tahsis , Virginia Peak (Nevada) , Monts Huang , Agnières-en-Dévoluy , Geneva Illinois , Croton-on-Hudson New York , Oakville North—Burlington , Halifax Nova Scotia , Beauharnois (ville) , Ottawa West—Nepean , Bay Roberts , Arcade Building (Toronto) , Madagascar , Halifax (Nouvelle-Écosse) , Ancaster Ontario , Pontiac Quebec , Parc de la Gatineau , Canada's Technology Triangle , Riverside South Ottawa , Poland Maine , Continent , Russell Ontario , Hampton Park Ottawa , Saint Lucia , Upal , Tawa Edmonton , Gatineau , Edmundston , Griffintown , Saint Boniface—Saint Vital , Bennett  British Columbia , Waterloo Ontario , Canada House , Tehrik-i-Taliban Pakistan , Gorski kotar , Charlevoix Railway , Ontario Highway 403 , Bytown and Prescott Railway , Grand Haven Michigan , North Preston , Dartmouth Nova Scotia , Fitzroy Harbour Ontario , Senneville Quebec , Cayuga Ontario , Війна на сході України , Place du Portage , Westmorland County New Brunswick , Stittsville Ontario , Point Pelee National Park , Lake Egmont Nova Scotia , River Canard Ontario , Leaside , Clarence-Rockland , Clarington , Stormont Dundas and Glengarry United Counties munic , 西灣國殤紀念墳場 , Centre Block , Pacific Palisades Los Angeles , Carthage Missouri , Gibraltar , Place d'Orléans , Callander Ontario , Kiryas Tosh , List of municipalities in Manitoba , Mahdah , Canada Science and Technology Museum , Hanuabada , Amherst Nova Scotia , Vernon Ontario , Rupert's Land , Lady Ann Strait , Lake Chad , White Rock British Columbia , Saint John New Brunswick , Queen Maud Gulf Migratory Bird Sanctuary , Parcs Canada , Parks Canada , Passage du Nord-Ouest , Geography of San Marino , Geography of Macau , République dominicaine , Yellow Sea , Stirling-Rawdon , Port-Gentil , Maclaren Cemetery , Jamsil Station , British Columbia , Resolute Nunavut , Ferguson Missouri , Nepean Point , List of tallest buildings in Ottawa–Gatineau , List of American and Canadian cities by number of ma , Union Station (Toronto) , Conurbation , C. D. Howe Building , St. Catharines , West Edmonton Mall , Canadian Museum of History , Trans-Taiga Road , Zwolle "
user,"Utilisateur:Sydo78/Brouillon , User talk:Meters , User talk:Philg88 , Utilisateur:Khan Tengri/sandbox , User talk:Padraic , Utilisateur:AntonyB/Per27 , Utilisateur:Oussama zrafi/Brouillon , Utilisateur:Maztaw/Brouillon , Utilisateur:Peha/Bac à sable3 , Utilisatrice:Zorrosk/Livres/Cagnoscenza , Utilisateur:Triliar/Livres/Meteorologie , Utilisateur:Tatmouss/Bac à sable , Utilisateur:Feldo/Brouillon Portail de l'Afrique , Utilisateur:Adehertogh/bac à sable , Utilisateur:Guilhem/Brouillon/Géographie de l'Andalousie , Utilisateur:Rayman3640/Bloc-notes/Afrique , User talk:192.197.82.203 , Utilisateur:Alainr345/Bac à sable/Nouvelles/Lumière et a , Utilisateur:Bogoris/Nuage , Utilisateur:Bopnrgi/testcevenol , Utilisateur:Le3eFrereBrunet/Livres/Météorologie Climat  , Utilisateur:Citronic/Livres/Meteorologie , Utilisateur:The Shadow Knows/Travaux en cours/Œil (Cyclo , User talk:Knipptang , User talk:Nmcke , Utilisateur:Psychoslave/prérequis/Exemple2 "
military,"Royal Canadian Air Cadets , List of armouries in Canada , The Fort Garry Horse , SS Montevideo Maru , Colt Canada C7 rifle , 429 Transport Squadron , 15th Field Artillery Regiment (Cana , Canadian Forces Northern Area Headquarters Yellowkni , M203 grenade launcher , 65th Infantry Regiment (United Stat , HMCS Algonquin (DDG 283) , LAPV Enok , C79 optical sight , Combatant , Royal Military College of Canada , Orca-class patrol vessel , ISIL takeover of Derna , Governor General's Foot Guards , Dalton Armoury , Queen's Regulations and Orders for  , The Grey and Simcoe Foresters , Operation Varsity , HMCS Carleton , CCGS Hudson , Joint Force Training Centre , The Brockville Rifles , Le Régiment de Hull (RCAC) , Royal Canadian Horse Artillery , Canadian Armed Forces , HMCS St. John's (FFH 340) , Maroon beret , German submarine U-536 , Counter-recruitment , Harold Pringle , HMCS Calgary , 1st Canadian Armoured Brigade , Sherbrooke Hussars , Boeing C-17 Globemaster III , List of snipers , Regional Cadet Support Unit (Eastern) , Structure of the Canadian Army , SIG Sauer P220 , 5th Canadian Division , List of Freedom of the City recipients (military) , HMCS Annapolis (DDH 265) , SS Arlington , Regimental nicknames of the Canadian Forces , Isa Boletini , British Pacific Fleet , Canadian Forces ranks and insignia , Chengdu J-10 , United States Holocaust Memorial Mu , A. Lorne Campbell , The North Nova Scotia Highlanders , Master warrant officer , Chief warrant officer , 3rd Canadian Division , Land Force Central Area Training Ce , The Princess Louise Fusiliers , Royal Winnipeg Rifles , Harry W. Brown , Grace Dieu (ship) , Defence Research and Development Ca , Cadet Instructors Cadre , Thomas J. Lawson , Centurion (char) , Moe Hurwitz , HMCS Montcalm , Azov Battalion , Equerry , NCSM St. John's (FFH 340) , HMCS Fredericton (FFH 337) , NATO Research and Technology Organi , South Alberta Light Horse , McDonnell Douglas CF-18 Hornet , Paul Triquet , List of comparative military ranks , The North Saskatchewan Regiment , The British Columbia Regiment (Duke , Battle of the Sambre (1918) , Ibrahim al-Hamdi , Canadian Army , HMCS Protecteur (AOR 509) , HMCS Preserver (AOR 510) , HMS Fury (1814) , List of First World War Victoria Cr , 4 Engineer Support Regiment , 21 Electronic Warfare Regiment , HMS Birkenhead (1845) , Lieutenant (Canada) , HMCS Iroquois (DDG 280) , Sacrifice Medal , Royal Canadian Navy , Otto Carius , Frank McGill , Battle of Panjwaii , List of units of the Canadian Army , Armée impériale japonaise , Mistral-class amphibious assault sh , Liste d'escadron de cadets de l'aviation royal du Canada, List of foreign recipients of the Légion d'Honne , 435 Transport and Rescue Squadron , Type 97 Chi-Ha , CFS Alert , Type 95 Ha-Go , Bataille d'Okinawa, List of historical ships in British , Lord Strathcona's Horse (Royal  , Captain (Canadian army and air forc , Captain (armed forces) , Ukrainian Ground Forces , Voluntary Aid Detachment , Canadian Forces Military Police , List of Canadian military operation , Base des Forces canadiennes Valcartier , Char M1 Abrams , HMCS Charlottetown (FFH 339) , Jeremy Hansen , List of modern Canadian Army equipm , Operation Medak Pocket , List of main battle tanks by countr , HMCS Prevost , Bataille de Malaisie , Bataille de Singapour , Military Police Complaints Commission , Celebratory gunfire , The Argyll and Sutherland Highl , Mission Command , FNSS ACV-15 , The Windsor Regiment (RCAC) , HMCS Esquimalt (J272) , Naval Radio Section Aldergrove , Battle of the Allia , Princess Patricia's Canadian Li , Canadian Military Engineers , List of military special forces units , 4th Canadian Division , 4th Canadian Division Support Group , CFS Leitrim "
media,"Potluck , If I Had $1000000 , Property Brothers , Bert Fegg's Nasty Book for Boys and Girls , Mitchell Kutney , Beryl McBurnie , Voice of Fire , Grant Lawrence , Fresh Off the Boat , How Few Remain , Pattie Mallette , Frank Sinatra Jr. , Le Triomphe de la volonté , Solatorobo: Red the Hunter , Grand Line , Shion (Saint Seiya) , CBM-CFS3 , Put Your Dreams Away (For Another Day) , Alpha Flight , Gabriel Cusson , Salem's Lot (1979 miniseries) , Fugget About It , Alan Gilbert (conductor) , 2015 in South Korean music , I Mother Earth , JYP Entertainment , G.Soul , The Flintstone Comedy Hour , Elizabeth J. Duncan , The 39 Steps (play) , Patrick Barlow , The Last Starfighter , The House of the Devil , Suhana Meharchand , Small Dead Animals , The Game (UK TV series) , Pepper Ann , John Kricfalusi , Nathan Burgoine , Rhysling Award , List of Fullmetal Alchemist characters , Madeline Merlo , Rogers K-Rock Centre , Opposites Attract (1990 film) , Guy Marcoux , The Curse of Oak Island , List of The Stand characters , Armageddon (1998 film) , Paul Michael Glaser , Zakk Wylde , Star Citizen , Sister Wives , Rudyard Griffiths , The Ten O'Clock People , Amanda Lang , CBLA-FM , List of commemorative days , The Girls in the Office , Jerry Agar , HeroQuest , Lost Girl , August Schellenberg , Blown Away (1994 film) , Early Edition , Iron Chef , Eight Is Enough , John Barbour (actor) , Star Wars Kid , Titanfall , Itzchak Tarkay , The Small One , Arthur Rimbaud , Walk off the Earth , Yabba-Dabba-Doo! The Happy World of Hanna-Barbera , Gene Kelly , Antenne radioélectrique , Exodus: Gods and Kings , V.O.S (band) , The Sketchersons , Feminist art movement , Richard Zussman , Joel de la Fuente , Robin S. Sharma , Kiesza , National Pearl Harbor Remembrance Day , Wok with Yan , Elegantly Wasted (song) , Gracias Por La Música (album) , Uriah Heep discography , Assassin's Creed Rogue , Richacha Balengola , List of strong chess tournaments , Plan 9 from Outer Space , K-pop Star 3 , Paul Jeffrey , Seconds From Disaster , David Ruffin , Lexicon , Old Man Winter , Godzilla (animated series) , The Super Globetrotters , The Green EP (Bibio EP) , Fallout (series) , Trapped in the Closet , Goodbyeee , Michael Wayne McGray , News satire , Ryse: Son of Rome , Crytek , Ted Nugent , Marcia Young , Jian Ghomeshi alleged sexual abuse scandal , Q (radio show) , Hanna–Barbera Classics Collection , Challenge of the GoBots , Stefie Shock , The Facts of Life Reunion , Hanna-Barbera , Hanna-Barbera Classics Collection , Andrée Boucher (comédienne) , Stanley Ellin , List of Middle Eastern superheroes , Bobby Shmurda , List of compositions by Johann Nepomuk Hu , List of Homestar Runner characters , Suzanne Todd , 5th Projekt , Glass Swords , Wendy Son , The Debaters , Tub Ring , Chic-a-Go-Go , Splendor in the Grass , Léo Bonneville , Ramones , AC/DC , It Hurts Me Too , John Fields (record producer) , Fire and Water (Free album) , Kenojuak Ashevak , Dragons' Den (Canada) , National Patriots' Day , Confrontation at Concordia , The Pebbles and Bamm-Bamm Show , Abdullah Ibrahim , Fleetwood Mac , Kira Kazantsev , Vince Vaughn , Brick (film) , Dionne quintuplets , Nicole Scherzinger , Secret Nation , GURPS , The Untouchables (film) , Never Say Never , Kunal Nayyar , Family Ties , Loopy De Loop , War and Peace , Dallas (2012 TV series) , Pink Floyd – The Wall , Scotch Road , Kaleb Simmonds , Rival Sons , Grizzly Man , List of Glee episodes , List of Koei Tecmo games , Kristine Kathryn Rusch , David Collier (cartoonist) , Tabagie (feast) , Lynne Griffin , Dalida , Raymond Heard , The Beatles (album) , Sgt. Pepper's Lonely Hearts Club Band , Zellers , Peter Mansbridge , Maroon 5 , Johnny Wander , Metalcore , Elisha Cuthbert , Vs. System , Scooby-Doo , Mott the Hoople , Cho PD , Stardom Entertainment , Yvon Pedneault , Barry Pepper , Kissing traditions , Fred Flintstone and Friends , Blowing Smoke (Mad Men) , List of English Academy Award nominees and winners , Scary Scooby Funnies , The Scooby and Scrappy-Doo Puppy Hour, Friday , Johann Hari , Minor third , Sitar , The Current (radio program) "
language,"Chiac , Quebec French profanity , Babu (title) , Emeritus , Shrug , Postdiction , P'ent'ay , Social isolation , Rector (surname) , Newfoundland English , Ghislain , Post Scriptum (formație) , Jewish surname , 宣道會陳元喜小學 "
file,"File:Einzelbild Sonnenuntergang.jpg , File:Sisainen rajakerros.png , File:Wind Rose.jpg , File:Rain Shadow Effect caused by Orographic Lift.png , File:Pastweather.gif , File:Pressuretrend.gif , File:Skycover.gif , File:Wnętrze klatki meteorologicznej.JPG , File:Termohigrograf.JPG , File:Wiatromierz.JPG , File:Tornado Făcăeni 2.jpeg , File:Tornado Făcăeni 1.jpeg , File:Thunderstorm near Elko Nevada 4.JPG , File:Thunderstorm near Elko Nevada 3.JPG , File:Thunderstorm near Elko Nevada 2.JPG , File:Threatening Storm in Canyonlands NP.JPG , File:Snow Waves and Surfers - Lake Tahoe.JPG , File:Snow and Waves - Lake Tahoe.JPG , File:Rays of Sun - Canyonlands National Park.JPG , File:Rainbow over the Canyons.JPG , File:Overcast Monument Valley.JPG , File:Mount Rose Summit 4.JPG , File:Mount Rose Summit 3.JPG , File:Mount Rose Summit 2.JPG , File:Mount Rose Ski.JPG , File:Mount Rose Ski 3.JPG , File:Mount Rose Ski - Northwest Magnum 6.JPG , File:Mount Rose Ski 2.JPG , File:Mount Rose Ski - Blazing Zepyr Six.JPG , File:Mount Rose Highway.JPG , File:Mount Rose Highway 2.JPG , File:Monument Valley Cast in the Dust.JPG , File:Lightning over Elko Nevada.jpg , File:Lightning across the Elko Hills.jpg , File:LenticularCloud-Madeira 20150221©KarlheinzEssl.JPG , File:Lake Tahoe - Heavy Snow.JPG , File:La-moitie-des-phenomenes-meteorologiques-extremes-d , File:Klatka meteorologiczna 07.JPG , File:Klatka meteorologiczna 06.JPG , File:Klatka meteorologiczna 05.JPG , File:Klatka meteorologiczna 04.JPG , File:Klatka meteorologiczna 03.JPG , File:Klatka meteorologiczna 02.jpg , File:Klatka meteorologiczna 01.JPG , File:Dusty Monument Valley.JPG , File:Double Rainbow and Sunset in Canyonlands National P , File:Double Rainbow - Canyonlands NP.JPG , File:Cliff Walls at Canyon Lands National Park.JPG , File:Cloud to Ground Lightning in Canyonlands National P , File:Canyonlands National Park Sunset.JPG , File:Double Rainbow in Cologne (5421120929).jpg , File:Double Rainbow Beauty.jpg , File:Canyonlands National Park 2.JPG , File:Canyonlands National Park - Sunsets.JPG , File:Arches National Park - Double Arches 3.JPG , File:Arches National Park - Blue Sky.JPG , File:2015-02-01 snow storm in Medford MA.jpg , File:Ogwen River in spate after the storms that ended th , File:Vlatva River Prague (5661025505).jpg , File:Julian Alps Shots Summer 2004 (31).JPG , File:Fly00803 - Flickr - NOAA Photo Library.jpg , File:Ek och moln på sommaren på Gotland.jpg , File:Drahoňův Újezd domy u silnice.jpg , File:De Madrid al cielo 283.jpg , File:Cúmulus castellanus 2.jpg , File:De Madrid al cielo 279.jpg , File:Cúmulos castellanus.jpg , File:Classic Corn Dog SWA colors SJC dramatic lighti , File:2014-10-19 16 44 07 Cumulus clouds viewed from near , File:Ave du parc CUMULUS 1 NB.jpg , File:De Madrid al cielo 287.jpg , File:Cloud and Thunderstorm.jpg , File:Thunderstorm near Elko Nevada.JPG , File:Historic American Buildings Survey  Arnold Moses  P , File:Clouds Bonheiden Belgium jun 2014.jpg , File:Stability tepfigram.png , File:Cumulonimbus capillatus 4.jpg , File:Spissatus spi.jpg , File:PSM V39 D648 Various forms of hydrometers.jpg , File:Radar Aurora in Sochi.jpg , File:Air Asia QZ8501 Flight Path and Satellite Imagery.j , File:ELM-2238 STAR radar onboard INS Satpura (F48).png , File:ELM 2248 MF-STAR radar onboard INS Kolkata (D63) of , File:NOAA MTSAT Indonesia 12282014 0032z Cropped.jpg , File:PB142159 (3031204737).jpg , File:PB142150 (3031203889).jpg , File:Parco di Serravalle 9.jpg , File:Parting with the Skyline (2844995862).jpg , File:Mt Batur and Mt Abang 200507.jpg , File:Jd. Bonfiglioli Butantã - panoramio.jpg , File:Céu tempestuoso Vila Mariana - panoramio.jpg , File:Céu matinal Ipiranga - panoramio.jpg , File:Crepúsculo na alvorada Ipiranga. - panoramio.jpg , File:Bikers no. 43 Copyright Daniel D. Teoli Jr..jpg , File:Tephigram-page-001.jpg , File:WinterbergI.jpg , File:Chiro pipo 090.jpg , File:Bodental Schoschelz 2008 0824.JPG , File:Panorama Schlossmauer 1.jpg , File:Panorama Schlossmauer 2.jpg , File:Slovakia-Trencin stormy day.jpg , File:Clouds-dusk-thunderstorm-near.jpg , File:CLOUDS-12.jpg , File:Cielo Nublado.jpg , File:海中暴雨.JPG , File:Jytimtraffic - 10.jpeg , File:Glen Strathfarrar - Flickr - Graham Grinner Lewis.j , File:Flickr - ronsaunders47 - Is it a kangaroo or is it , File:Evening.jpg , File:Dunkle Wolkenformation 2008-06-20.jpg , File:Large Stratocumulus.JPG , File:Above the Clouds.jpg , File:Ac perlucidus.JPG , File:Altocumulus stratiformis am Morgen.jpg , File:Set3 Fir0002 stiched cloned.jpg , File:Matčina hora a křivoklátsko.jpg , File:Flickr - Nicholas T - Enclosure.jpg , File:My bliss.jpg , File:My Bliss edited.jpg , File:Morning clouds7.JPG , File:Mount Rose 1 (3147011822).jpg , File:Mount Ngauruhoe (6371802057).jpg , File:Clouds florence 11.jpg , File:Clouds after cold front.jpg , File:Clouds 01.jpg , File:Cloud-tree-cycle.JPG , File:Clouds 301106.jpg , File:Bord-de-nuage.jpg , File:Moody Day (4265803035).jpg , File:Montañas al norte de Cúcuta .2.JPG , File:Moln Johannes Jansson (3).jpg , File:Moln Johannes Jansson (2).jpg , File:Monastery in montenegrin royal city Cetinje.jpg , File:Mlf-asa-06-sa1001503.jpg , File:Mlf-asa-06-sa1001502.jpg , File:Mlf-asa-06-sa1001501.jpg , File:Mama Clouds.jpg , File:Lanin nubes.jpg , File:Lardosbeachcloud01.JPG , File:Late evening (2683342134).jpg , File:Late afternoon sunset (3947976925).jpg , File:Dreamy California Sky.jpg , File:Clouds22.jpg , File:Dramatismo natural (5922539403).jpg , File:Dugny. RGA (réserve générale d'aviation). Station c , File:Dugny. Météo. R. Berthelé. Théodolite - Fonds Berth , File:Nuages 6.jpg , File:Nur fur deutsche.jpg , File:Nuages 3.jpg , File:Nuages 1.jpg , File:Nebe.jpg , File:Jar Raduni 6.jpg , File:Nuages 7.jpg , File:Gdansk chmura 1.jpg , File:Gone Driveabout 1 Incipient cloud street Indian O , File:Fallstreak hole over Moscow 04.ogg , File:Hi-in sky.JPG , File:Richacha on drums.jpg , File:Clouds (4203745902).jpg , File:Grainfield(byTaylorLeopold).jpg , File:Indonesia Cloud Towers.jpg , File:Bejisa 31 december 2013 0004 utc trmm pr.jpg , File:Bejisa Jan 2 2014 1000Z.jpg , File:Bejisa Jan 1 2014 0630Z.jpg , File:Bejisa Dec 31 2013 1010Z.jpg , File:Bejisa Dec 30 2013 0640Z.jpg , File:Courant-Jet 2.png , File:Weather table for the year 1777 France Wellcome L0 , File:Weather table for the year 1776 France Wellcome L0 , File:Weather table for the month of August 1776 France , File:Weather table for month of December 1777  France W , File:Tree of Wisdom Wellcome L0017329.jpg , File:SMHI Observatoriekullen 2011.jpg , File:Smhiofficesnorrkoping.jpg , File:Фронтальный раздел около Томска.jpg , File:Böenfront.jpg , File:Nuages 4.jpg "
education,"Norman Paterson School of International Affairs , Lawrence A. Mysak , Cairine Wilson Secondary School , Osgoode Township High School , Belmont Secondary School , Borden Grammar School , Aldershot School , William Lyon Mackenzie Collegiate Institute , La Salle Secondary School , Moldova State University , Guangzhou University , Academy of the Impossible , University of Ottawa Faculty of Law , Technoself , St. Peter Catholic High School , Zagazig , Merivale High School , Higher education , Phillips Exeter Academy , Centennial Secondary School (Bellev , Bishop Carroll High School (Calgary Alberta) , Grenoble Institute of Political Studies , List of Carleton University people , List of schools of the Cons , Springhill Institution "
draft,"Draft:6 Intelligence Company , Draft:Ihor Walter Bardyn , Draft:Canadian Clinical Trials Asset Map , Draft:Veterans Land Act "
disambiguation,"Vovin , Castor , Michael Hopkins , Redan (disambiguation) , William Reid , McTaggart "
deleted,"Ewa Mółr , Hanumass , Danny Dorosh , Gabriel Landry "
company,"Bens De Luxe Delicatessen, Target Canada , Cube Entertainment , Small and medium-sized enterprises , Sun News Network , SNC-Lavalin , Restaurant Brands International , List of companies named after peopl "
commons,Commons:Featured picture candi 
category,"Category:Fallstreak holes , Category:Double Rainbow , Category:Perlucidus cloud varieties , Category:Cloud Atlas , Category:Pied-de-vent , Category:Iridescent clouds , Catégorie:Motocyclette Kawasaki , Catégorie:Kawasaki Heavy Industries , Catégorie:Précipitation , Category:Cyclone Bejisa , Category:Swedish Meteorological and Hydrological Institu "
aviation,"Aéreo Calafia , Winnipeg James Armstrong Richardson , Saint Helena Airport , Aeroporto da Portela , Ottawa Macdonald–Cartier International Airport , Avicopter AC313 , Aéroport d'Iqaluit , Royal Jordanian , Yarmouth Airport , KLM , Flying car (aircraft) "
automobiles,"Volkswagen Passat , Kawasaki Heavy Industries , Subaru Impreza , Honda CR-X del Sol "
arts,"Rôle du spectateur dans l'art , Carpenter Gothic , Damon and Pythias , Châteauesque , Maman (sculpture) , Chen Shu "
art,"Émile Durkheim , History of Dartmouth Nova Scotia , History of Crimea , History of flooding in Canada , Carolingian dynasty "
animal,Ocean sunfish 
alcohol,"List of Molson Coors brands , Blended whiskey , List of breweries in Quebec , Liste de microbrasseries québécoises "
people,"List of people from London Ontario , Sémites , Punjabi people , List of people from Dieppe New Brunswick , List of people from Northern Ireland "